가,家
가,佳
가,街
가,可
가,歌
가,加
가,價
가,假
가,架
가,暇
가,嘉
가,嫁
가,稼
가,賈
가,駕
가,伽
가,迦
가,柯
가,呵
가,哥
가,枷
가,珂
가,痂
가,苛
가,茄
가,袈
가,訶
가,跏
가,軻
가,哿
가,嘏
가,舸
가,珈
가,坷
가,斝
가,榎
가,檟
가,笳
가,耞
가,葭
가,謌
각,各
각,角
각,脚
각,閣
각,却
각,覺
각,刻
각,珏
각,恪
각,殼
각,愨
각,卻
각,咯
각,埆
각,搉
각,擱
각,桷
각,愨
각,慤
간,干
간,間
간,看
간,刊
간,肝
간,幹
간,簡
간,姦
간,懇
간,艮
간,侃
간,杆
간,玕
간,竿
간,揀
간,諫
간,墾
간,栞
간,奸
간,柬
간,澗
간,磵
간,稈
간,艱
간,癇
간,忓
간,矸
간,偘
간,慳
간,榦
간,秆
간,茛
간,衎
간,赶
간,迀
간,齦
간,杆
간,桿
간,癇
간,癎
갈,渴
갈,葛
갈,乫
갈,喝
갈,曷
갈,碣
갈,竭
갈,褐
갈,蝎
갈,鞨
갈,噶
갈,楬
갈,秸
갈,羯
갈,蠍
감,甘
감,減
감,感
감,敢
감,監
감,鑑
감,勘
감,堪
감,瞰
감,坎
감,嵌
감,憾
감,戡
감,柑
감,橄
감,疳
감,紺
감,邯
감,龕
감,玪
감,坩
감,埳
감,嵁
감,弇
감,憨
감,撼
감,欿
감,歛
감,泔
감,淦
감,澉
감,矙
감,轗
감,酣
감,鹻
감,鑑
감,鑒
갑,甲
갑,鉀
갑,匣
갑,岬
갑,胛
갑,閘
강,江
강,降
강,講
강,強
강,康
강,剛
강,鋼
강,綱
강,杠
강,堈
강,岡
강,姜
강,橿
강,彊
강,慷
강,畺
강,疆
강,糠
강,絳
강,羌
강,腔
강,舡
강,薑
강,鱇
강,嫝
강,跭
강,襁
강,玒
강,顜
강,茳
강,鏹
강,傋
강,僵
강,壃
강,忼
강,悾
강,扛
강,殭
강,矼
강,穅
강,繈
강,罡
강,羫
강,豇
강,韁
강,強
강,强
강,鋼
강,鎠
강,岡
강,崗
강,襁
강,襁
개,改
개,皆
개,個
개,開
개,介
개,慨
개,槪
개,蓋
개,价
개,凱
개,愷
개,漑
개,塏
개,愾
개,疥
개,芥
개,豈
개,鎧
개,玠
개,剴
개,匃
개,揩
개,槩
개,磕
개,闓
개,個
개,箇
개,蓋
개,盖
객,客
객,喀
갱,更
갱,坑
갱,粳
갱,羹
갱,硜
갱,賡
갱,鏗
갹,醵
거,去
거,巨
거,居
거,車
거,擧
거,距
거,拒
거,據
거,渠
거,遽
거,鉅
거,炬
거,倨
거,据
거,祛
거,踞
거,鋸
거,駏
거,呿
거,昛
거,秬
거,筥
거,籧
거,胠
거,腒
거,苣
거,莒
거,蕖
거,蘧
거,袪
거,裾
건,建
건,乾
건,件
건,健
건,巾
건,虔
건,楗
건,鍵
건,愆
건,腱
건,蹇
건,騫
건,搴
건,湕
건,踺
건,揵
건,犍
건,睷
건,褰
건,謇
건,鞬
건,建
건,䢖
건,乾
건,漧
걸,傑
걸,乞
걸,桀
걸,乬
걸,朅
걸,榤
걸,傑
걸,杰
검,儉
검,劍
검,檢
검,瞼
검,鈐
검,黔
검,撿
검,芡
검,劍
검,劒
겁,劫
겁,怯
겁,迲
겁,刦
겁,刧
게,揭
게,偈
게,憩
격,格
격,擊
격,激
격,隔
격,檄
격,膈
격,覡
격,挌
격,毄
격,闃
격,骼
격,鬲
격,鴃
견,犬
견,見
견,堅
견,肩
견,絹
견,遣
견,牽
견,鵑
견,甄
견,繭
견,譴
견,狷
견,畎
견,筧
견,縳
견,繾
견,羂
견,蠲
견,鰹
결,決
결,結
결,潔
결,缺
결,訣
결,抉
결,㛃
결,焆
결,迼
결,玦
결,鍥
결,觖
결,闋
결,潔
결,㓗
겸,兼
겸,謙
겸,鎌
겸,慊
겸,箝
겸,鉗
겸,嗛
겸,槏
겸,傔
겸,岒
겸,拑
겸,歉
겸,縑
겸,蒹
겸,黚
겸,鼸
경,京
경,景
경,經
경,庚
경,耕
경,敬
경,輕
경,驚
경,慶
경,競
경,竟
경,境
경,鏡
경,頃
경,傾
경,硬
경,警
경,徑
경,卿
경,倞
경,鯨
경,坰
경,耿
경,炅
경,更
경,梗
경,憬
경,璟
경,瓊
경,擎
경,儆
경,俓
경,涇
경,莖
경,勁
경,逕
경,熲
경,冏
경,勍
경,烱
경,璥
경,痙
경,磬
경,絅
경,脛
경,頸
경,鶊
경,檠
경,冂
경,𠗊
경,憼
경,巠
경,曔
경,燛
경,剄
경,哽
경,惸
경,扃
경,焭
경,煢
경,畊
경,竸
경,綆
경,罄
경,褧
경,謦
경,顈
경,駉
경,鯁
경,黥
경,卿
경,卿
경,冏
경,囧
경,景
경,暻
경,檠
경,㯳
경,京
경,亰
경,璟
경,璄
계,癸
계,季
계,界
계,計
계,溪
계,鷄
계,系
계,係
계,戒
계,械
계,繼
계,契
계,桂
계,啓
계,階
계,繫
계,誡
계,烓
계,屆
계,悸
계,棨
계,稽
계,谿
계,堦
계,瘈
계,禊
계,綮
계,縘
계,罽
계,薊
계,雞
계,髻
계,界
계,堺
계,谿
계,磎
고,古
고,故
고,固
고,苦
고,高
고,考
고,告
고,枯
고,姑
고,庫
고,孤
고,鼓
고,稿
고,顧
고,叩
고,敲
고,皐
고,暠
고,呱
고,尻
고,拷
고,槁
고,沽
고,痼
고,睾
고,羔
고,股
고,膏
고,苽
고,菰
고,藁
고,蠱
고,袴
고,誥
고,賈
고,辜
고,錮
고,雇
고,杲
고,鼔
고,估
고,凅
고,刳
고,栲
고,槀
고,櫜
고,牯
고,盬
고,瞽
고,鷱
고,稁
고,箍
고,篙
고,糕
고,罟
고,羖
고,翺
고,胯
고,觚
고,詁
고,郜
고,酤
고,鈷
고,靠
고,鴣
고,考
고,攷
고,皐
고,皋
곡,谷
곡,曲
곡,穀
곡,哭
곡,斛
곡,梏
곡,鵠
곡,嚳
곡,槲
곡,縠
곡,觳
곡,轂
곤,困
곤,坤
곤,昆
곤,崑
곤,琨
곤,錕
곤,梱
곤,棍
곤,滾
곤,鯤
곤,衮
곤,堃
곤,崐
곤,悃
곤,捆
곤,緄
곤,裍
곤,褌
곤,閫
곤,髡
곤,鵾
곤,鶤
곤,齫
곤,衮
곤,袞
골,骨
골,汨
골,滑
골,搰
골,榾
골,鶻
공,工
공,功
공,空
공,共
공,公
공,孔
공,供
공,恭
공,攻
공,恐
공,貢
공,珙
공,控
공,拱
공,蚣
공,鞏
공,龔
공,倥
공,崆
공,栱
공,箜
공,蛩
공,蛬
공,贛
공,跫
공,釭
공,槓
곶,串
과,果
과,課
과,科
과,過
과,誇
과,寡
과,菓
과,跨
과,鍋
과,顆
과,戈
과,瓜
과,侉
과,堝
과,夥
과,夸
과,撾
과,猓
과,稞
과,窠
과,蝌
과,裹
과,踝
과,銙
과,騍
곽,郭
곽,廓
곽,槨
곽,藿
곽,椁
곽,癨
곽,霍
곽,鞹
관,官
관,觀
관,關
관,館
관,管
관,貫
관,慣
관,冠
관,寬
관,款
관,琯
관,錧
관,灌
관,瓘
관,梡
관,串
관,棺
관,罐
관,菅
관,涫
관,輨
관,丱
관,爟
관,盥
관,祼
관,窾
관,筦
관,綰
관,鑵
관,雚
관,顴
관,髖
관,鸛
관,館
관,舘
관,寬
관,寛
괄,括
괄,刮
괄,恝
괄,适
괄,佸
괄,栝
괄,筈
괄,聒
괄,髺
괄,鴰
광,光
광,廣
광,鑛
광,狂
광,侊
광,洸
광,珖
광,桄
광,匡
광,曠
광,壙
광,筐
광,胱
광,恇
광,框
광,爌
광,獷
광,磺
광,絖
광,纊
광,茪
광,誆
광,誑
광,廣
광,広
광,光
광,炛
광,炚
괘,掛
괘,卦
괘,罫
괘,咼
괘,挂
괘,罣
괘,詿
괴,塊
괴,愧
괴,怪
괴,壞
괴,乖
괴,傀
괴,拐
괴,槐
괴,魁
괴,媿
괴,廥
괴,瑰
괴,璝
괴,蒯
괴,襘
괵,馘
굉,宏
굉,紘
굉,肱
굉,轟
굉,浤
굉,觥
굉,訇
굉,閎
교,交
교,校
교,橋
교,敎
교,郊
교,較
교,巧
교,矯
교,僑
교,喬
교,嬌
교,膠
교,咬
교,嶠
교,攪
교,狡
교,皎
교,絞
교,翹
교,蕎
교,蛟
교,轎
교,餃
교,驕
교,鮫
교,姣
교,佼
교,噭
교,憍
교,鄗
교,嘐
교,嘄
교,嚙
교,撟
교,晈
교,暞
교,榷
교,磽
교,窖
교,趫
교,蹻
교,鉸
교,骹
교,鵁
교,齩
교,敎
교,教
구,九
구,口
구,求
구,救
구,究
구,久
구,句
구,舊
구,具
구,俱
구,區
구,驅
구,苟
구,拘
구,狗
구,丘
구,懼
구,龜
구,構
구,球
구,玖
구,矩
구,邱
구,銶
구,溝
구,購
구,鳩
구,軀
구,枸
구,仇
구,勾
구,咎
구,嘔
구,垢
구,寇
구,嶇
구,柩
구,歐
구,毆
구,毬
구,灸
구,瞿
구,絿
구,臼
구,舅
구,衢
구,謳
구,逑
구,鉤
구,駒
구,鷗
구,玽
구,耇
구,廏
구,龜
구,颶
구,佝
구,俅
구,傴
구,冓
구,劬
구,匶
구,厹
구,叴
구,坸
구,姤
구,媾
구,嫗
구,屨
구,岣
구,彀
구,戵
구,扣
구,捄
구,搆
구,摳
구,昫
구,榘
구,漚
구,璆
구,甌
구,疚
구,痀
구,癯
구,窶
구,篝
구,糗
구,胊
구,蒟
구,蚯
구,裘
구,覯
구,詬
구,遘
구,釦
구,韝
구,韭
구,鬮
구,鷇
구,鸜
구,丘
구,坵
구,耇
구,耈
구,廏
구,廐
국,國
국,菊
국,局
국,鞠
국,鞫
국,麴
국,𥮗
국,匊
국,掬
국,跼
국,麯
국,國
국,国
군,君
군,郡
군,軍
군,群
군,窘
군,裙
군,捃
군,桾
군,皸
굴,屈
굴,窟
굴,堀
굴,掘
굴,倔
굴,崛
굴,淈
굴,詘
궁,弓
궁,宮
궁,窮
궁,躬
궁,穹
궁,芎
궁,躳
권,券
권,權
권,勸
권,卷
권,拳
권,圈
권,眷
권,倦
권,捲
권,淃
권,勌
권,惓
권,棬
권,睠
권,綣
권,蜷
권,權
권,権
궐,厥
궐,闕
궐,獗
궐,蕨
궐,蹶
궤,軌
궤,机
궤,櫃
궤,潰
궤,詭
궤,饋
궤,佹
궤,几
궤,劂
궤,匱
궤,憒
궤,撅
궤,樻
궤,氿
궤,簋
궤,繢
궤,跪
궤,闠
궤,餽
궤,麂
귀,貴
귀,歸
귀,鬼
귀,句
귀,晷
귀,䤥
귀,龜
귀,龜
귀,龜
규,叫
규,規
규,糾
규,圭
규,奎
규,珪
규,揆
규,逵
규,窺
규,葵
규,槻
규,硅
규,竅
규,赳
규,閨
규,邽
규,嫢
규,湀
규,茥
규,煃
규,刲
규,嬀
규,巋
규,暌
규,楏
규,樛
규,潙
규,睽
규,虯
규,跬
규,闚
규,頍
규,馗
규,糾
규,糺
균,均
균,菌
균,畇
균,鈞
균,筠
균,勻
균,龜
균,覠
균,囷
균,麏
균,勻
균,匀
균,龜
균,龜
귤,橘
극,極
극,克
극,劇
극,剋
극,隙
극,戟
극,棘
극,亟
극,尅
극,屐
극,郄
근,近
근,勤
근,根
근,斤
근,僅
근,謹
근,墐
근,漌
근,槿
근,瑾
근,嫤
근,筋
근,劤
근,懃
근,芹
근,菫
근,覲
근,饉
근,巹
근,廑
근,觔
근,跟
근,釿
근,靳
글,契
글,㔕
금,金
금,今
금,禁
금,錦
금,禽
금,琴
금,衾
금,襟
금,昑
금,妗
금,擒
금,檎
금,芩
금,衿
금,唫
금,噤
금,嶔
금,笒
금,黅
급,及
급,給
급,急
급,級
급,汲
급,伋
급,扱
급,圾
급,岌
급,皀
급,礏
급,笈
급,芨
긍,肯
긍,亘
긍,兢
긍,矜
긍,殑
긍,亘
긍,亙
기,己
기,記
기,起
기,其
기,期
기,基
기,氣
기,技
기,幾
기,旣
기,紀
기,忌
기,旗
기,欺
기,奇
기,騎
기,寄
기,豈
기,棄
기,祈
기,企
기,畿
기,飢
기,器
기,機
기,淇
기,琪
기,璂
기,棋
기,祺
기,錤
기,騏
기,麒
기,玘
기,杞
기,埼
기,崎
기,琦
기,綺
기,錡
기,箕
기,岐
기,汽
기,沂
기,圻
기,耆
기,璣
기,磯
기,譏
기,冀
기,驥
기,嗜
기,暣
기,伎
기,夔
기,妓
기,朞
기,畸
기,祁
기,祇
기,羈
기,耭
기,肌
기,饑
기,稘
기,榿
기,㠌
기,忯
기,僛
기,剞
기,墍
기,屺
기,庋
기,弃
기,忮
기,愭
기,掎
기,攲
기,旂
기,曁
기,棊
기,歧
기,炁
기,猉
기,禨
기,綦
기,綥
기,羇
기,肵
기,芰
기,芪
기,蘄
기,𧅄
기,蜝
기,蟣
기,覬
기,跂
기,隑
기,頎
기,鬐
기,鰭
기,棋
기,碁
기,璣
기,㼄
긴,緊
길,吉
길,佶
길,桔
길,姞
길,拮
길,蛣
김,金
끽,喫
나,那
나,奈
나,柰
나,娜
나,拏
나,儺
나,喇
나,懦
나,拿
나,𣃽
나,䏧
나,挐
나,挪
나,𡖔
나,梛
나,糯
나,䛔
낙,諾
난,暖
난,難
난,煖
난,偄
난,愞
난,赧
난,餪
날,捺
날,捏
남,南
남,男
남,楠
남,湳
남,枏
남,喃
납,納
납,衲
낭,娘
낭,囊
낭,曩
내,內
내,乃
내,奈
내,耐
내,柰
내,奶
내,嬭
내,迺
내,鼐
녀,女
녁,惄
년,年
년,撚
년,碾
년,年
년,秊
념,念
념,恬
념,拈
념,捻
녑,惗
녕,寧
녕,獰
녕,佞
녕,儜
녕,嚀
녕,濘
녕,寧
녕,寗
노,怒
노,奴
노,努
노,弩
노,瑙
노,駑
노,䛝
노,呶
노,孥
노,峱
노,猱
노,笯
노,臑
농,農
농,膿
농,濃
농,儂
농,噥
농,穠
농,醲
뇌,腦
뇌,惱
뇌,餒
뇨,尿
뇨,鬧
뇨,撓
뇨,嫋
뇨,嬲
뇨,淖
뇨,鐃
누,耨
누,啂
눈,嫩
눌,訥
눌,吶
눌,肭
뉴,紐
뉴,鈕
뉴,杻
뉴,𧘥
뉴,忸
뉵,衄
능,能
니,泥
니,尼
니,柅
니,濔
니,膩
니,馜
니,㦐
니,呢
니,怩
니,祢
니,禰
닉,匿
닉,溺
닐,昵
닐,暱
다,多
다,茶
다,爹
다,𥥸
다,𣘻
다,茤
다,觰
다,多
다,夛
단,丹
단,但
단,單
단,短
단,端
단,旦
단,段
단,壇
단,檀
단,斷
단,團
단,緞
단,鍛
단,亶
단,彖
단,湍
단,簞
단,蛋
단,袒
단,鄲
단,煓
단,㫜
단,担
단,慱
단,椴
단,漙
단,癉
단,耑
단,胆
단,腶
단,蜑
달,達
달,撻
달,澾
달,獺
달,疸
달,妲
달,怛
달,闥
달,靼
달,韃
담,談
담,淡
담,擔
담,譚
담,膽
담,澹
담,覃
담,啖
담,坍
담,憺
담,曇
담,湛
담,痰
담,聃
담,蕁
담,錟
담,潭
담,倓
담,啿
담,埮
담,炎
담,儋
담,啗
담,噉
담,墰
담,壜
담,毯
담,禫
담,罎
담,薝
담,郯
담,黮
담,黵
답,答
답,畓
답,踏
답,沓
답,遝
당,堂
당,當
당,唐
당,糖
당,黨
당,塘
당,鐺
당,撞
당,幢
당,戇
당,棠
당,螳
당,倘
당,儻
당,搪
당,檔
당,溏
당,瑭
당,璫
당,瞠
당,礑
당,蟷
당,襠
당,讜
당,鏜
당,餳
당,餹
대,大
대,代
대,待
대,對
대,帶
대,臺
대,貸
대,隊
대,垈
대,玳
대,袋
대,戴
대,擡
대,旲
대,岱
대,黛
대,㬃
대,㬣
대,儓
대,懟
대,汏
대,碓
대,鐓
대,臺
대,坮
대,擡
대,抬
댁,宅
덕,德
덕,德
덕,悳
덕,徳
도,刀
도,到
도,度
도,道
도,島
도,徒
도,圖
도,倒
도,都
도,桃
도,挑
도,跳
도,逃
도,渡
도,陶
도,途
도,稻
도,導
도,盜
도,塗
도,堵
도,棹
도,濤
도,燾
도,禱
도,鍍
도,蹈
도,屠
도,悼
도,掉
도,搗
도,櫂
도,淘
도,滔
도,睹
도,萄
도,覩
도,賭
도,韜
도,馟
도,祹
도,鋾
도,夲
도,稌
도,叨
도,壔
도,弢
도,忉
도,慆
도,掏
도,搯
도,擣
도,檮
도,洮
도,涂
도,鼗
도,菟
도,酴
도,闍
도,鞀
도,鞱
도,饕
도,島
도,嶋
독,讀
독,獨
독,毒
독,督
독,篤
독,瀆
독,牘
독,犢
독,禿
독,纛
독,櫝
독,黷
돈,豚
돈,敦
돈,墩
돈,惇
돈,暾
돈,燉
돈,頓
돈,旽
돈,沌
돈,焞
돈,弴
돈,潡
돈,躉
돌,突
돌,乭
돌,咄
돌,堗
동,同
동,洞
동,童
동,冬
동,東
동,動
동,銅
동,凍
동,棟
동,董
동,潼
동,垌
동,瞳
동,蝀
동,憧
동,疼
동,胴
동,桐
동,朣
동,曈
동,彤
동,烔
동,橦
동,勭
동,侗
동,僮
동,哃
동,峒
동,涷
동,艟
동,苳
동,茼
동,蕫
동,同
동,仝
두,斗
두,豆
두,頭
두,杜
두,枓
두,兜
두,痘
두,竇
두,荳
두,讀
두,逗
두,阧
두,抖
두,斁
두,肚
두,脰
두,蚪
두,蠹
두,陡
둔,鈍
둔,屯
둔,遁
둔,臀
둔,芚
둔,遯
둔,窀
둔,迍
둘,乧
득,得
등,等
등,登
등,燈
등,騰
등,藤
등,謄
등,鄧
등,嶝
등,橙
등,凳
등,墱
등,滕
등,磴
등,籐
등,縢
등,螣
등,鐙
라,羅
라,螺
라,喇
라,懶
라,癩
라,蘿
라,裸
라,邏
라,剆
라,覶
라,摞
라,蓏
라,鑼
라,儸
라,砢
라,臝
라,倮
라,囉
라,曪
라,瘰
라,騾
라,驘
락,落
락,樂
락,絡
락,珞
락,酪
락,烙
락,駱
락,洛
락,嗠
락,犖
란,卵
란,亂
란,蘭
란,欄
란,瀾
란,瓓
란,丹
란,欒
란,鸞
란,爛
란,鑾
란,嬾
란,幱
란,攔
란,灓
란,襴
란,闌
랄,剌
랄,辣
랄,埒
랄,辢
람,覽
람,濫
람,嵐
람,攬
람,欖
람,籃
람,纜
람,襤
람,藍
람,㛦
람,灆
람,婪
람,漤
람,爁
람,璼
람,惏
람,攬
람,擥
람,𢱯
랍,拉
랍,臘
랍,蠟
랍,鑞
랑,浪
랑,郞
랑,廊
랑,琅
랑,瑯
랑,狼
랑,朗
랑,烺
랑,蜋
랑,㢃
랑,駺
랑,榔
랑,閬
랑,硠
랑,稂
랑,莨
랑,蜋
랑,螂
랑,郞
랑,郎
래,來
래,崍
래,萊
래,徠
래,淶
래,騋
래,來
래,来
래,𧼛
랭,冷
략,略
략,掠
략,畧
량,良
량,兩
량,量
량,涼
량,梁
량,糧
량,諒
량,亮
량,倆
량,樑
량,粱
량,輛
량,駺
량,俍
량,喨
량,悢
량,踉
량,魎
량,糧
량,粮
량,涼
량,凉
려,旅
려,麗
려,慮
려,勵
려,呂
려,侶
려,閭
려,黎
려,儷
려,廬
려,戾
려,櫚
려,濾
려,礪
려,藜
려,蠣
려,驢
려,驪
려,曞
려,儢
려,厲
려,唳
려,梠
려,癘
려,糲
려,膂
려,臚
려,蠡
려,邌
려,鑢
력,力
력,歷
력,曆
력,瀝
력,礫
력,轢
력,靂
력,攊
력,櫟
력,櫪
력,癧
력,轣
력,酈
련,連
련,練
련,鍊
련,憐
련,聯
련,戀
련,蓮
련,煉
련,璉
련,攣
련,漣
련,輦
련,孌
련,𨏶
련,楝
련,湅
련,臠
련,鏈
련,鰊
련,鰱
렬,列
렬,烈
렬,裂
렬,劣
렬,洌
렬,冽
렬,挒
렬,捩
렬,颲
렴,廉
렴,濂
렴,簾
렴,斂
렴,殮
렴,瀲
렴,磏
렵,獵
렵,躐
렵,鬣
령,令
령,領
령,嶺
령,零
령,靈
령,伶
령,玲
령,姈
령,昤
령,鈴
령,齡
령,怜
령,囹
령,笭
령,羚
령,翎
령,聆
령,逞
령,泠
령,澪
령,岭
령,呤
령,另
령,欞
령,鹷
령,秢
령,苓
령,蛉
령,軨
령,鴒
령,岭
령,岺
례,例
례,禮
례,隷
례,澧
례,醴
례,隸
례,鱧
례,禮
례,礼
로,路
로,露
로,老
로,勞
로,爐
로,魯
로,盧
로,鷺
로,撈
로,擄
로,櫓
로,潞
로,瀘
로,蘆
로,輅
로,鹵
로,嚧
로,虜
로,璐
로,櫨
로,蕗
로,潦
로,瓐
로,澇
로,壚
로,滷
로,玈
로,癆
로,窂
로,鸕
로,艪
로,艫
로,轤
로,鐪
로,鑪
로,顱
로,髗
로,鱸
로,虜
로,虜
록,綠
록,祿
록,錄
록,鹿
록,彔
록,碌
록,菉
록,麓
록,淥
록,漉
록,簏
록,轆
록,鵦
론,論
롱,弄
롱,瀧
롱,瓏
롱,籠
롱,壟
롱,朧
롱,聾
롱,儱
롱,攏
롱,曨
롱,礱
롱,蘢
롱,隴
뢰,雷
뢰,賴
뢰,瀨
뢰,儡
뢰,牢
뢰,磊
뢰,賂
뢰,賚
뢰,耒
뢰,攂
뢰,礌
뢰,礧
뢰,籟
뢰,纇
뢰,罍
뢰,蕾
뢰,誄
뢰,酹
뢰,賴
뢰,頼
료,料
료,了
료,僚
료,遼
료,寮
료,廖
료,燎
료,療
료,瞭
료,聊
료,蓼
료,嘹
료,嫽
료,撩
료,暸
료,潦
료,獠
료,繚
료,膋
료,醪
료,鐐
료,飂
료,飉
룡,龍
룡,龒
룡,龍
룡,竜
루,屢
루,樓
루,累
루,淚
루,漏
루,壘
루,婁
루,瘻
루,縷
루,蔞
루,褸
루,鏤
루,陋
루,慺
루,嶁
루,耬
루,熡
루,僂
루,嘍
루,螻
루,髏
류,柳
류,留
류,流
류,類
류,琉
류,劉
류,硫
류,瘤
류,旒
류,榴
류,溜
류,瀏
류,謬
류,橊
류,縲
류,纍
류,遛
류,鶹
류,琉
류,瑠
륙,六
륙,陸
륙,戮
륙,勠
륜,倫
륜,輪
륜,侖
륜,崙
륜,綸
륜,淪
륜,錀
륜,圇
륜,掄
륜,崙
륜,崘
률,律
률,栗
률,率
률,慄
률,嵂
률,𥠲
률,瑮
률,溧
륭,隆
륭,癃
륭,窿
륵,勒
륵,肋
륵,泐
름,廩
름,凜
름,菻
름,澟
름,凜
름,凛
릉,陵
릉,綾
릉,菱
릉,稜
릉,凌
릉,楞
릉,倰
릉,蔆
릉,楞
릉,楞
리,里
리,理
리,利
리,梨
리,李
리,吏
리,離
리,裏
리,履
리,俚
리,莉
리,璃
리,俐
리,唎
리,浬
리,狸
리,痢
리,籬
리,罹
리,羸
리,釐
리,鯉
리,涖
리,𢻠
리,犂
리,摛
리,剺
리,哩
리,嫠
리,莅
리,蜊
리,螭
리,貍
리,邐
리,魑
리,黐
리,漓
리,裏
리,裡
리,離
리,离
리,俐
리,悧
리,釐
리,厘
리,犂
리,犁
린,鄰
린,潾
린,璘
린,麟
린,吝
린,燐
린,藺
린,躪
린,鱗
린,撛
린,鏻
린,獜
린,橉
린,粦
린,粼
린,䗲
린,繗
린,嶙
린,悋
린,磷
린,驎
린,躙
린,轔
린,麟
린,𪊭
린,鄰
린,隣
림,林
림,臨
림,琳
림,霖
림,淋
림,棽
림,碄
림,晽
림,玪
림,痳
립,立
립,笠
립,粒
립,砬
립,岦
마,馬
마,麻
마,磨
마,瑪
마,摩
마,痲
마,碼
마,魔
마,媽
마,劘
마,螞
마,蟇
마,麽
막,莫
막,幕
막,漠
막,寞
막,膜
막,邈
막,瞙
막,鏌
만,萬
만,晚
만,滿
만,慢
만,漫
만,曼
만,蔓
만,鏋
만,卍
만,娩
만,巒
만,彎
만,挽
만,灣
만,瞞
만,輓
만,饅
만,鰻
만,蠻
만,墁
만,嫚
만,幔
만,縵
만,謾
만,蹣
만,鏝
만,鬘
만,萬
만,万
말,末
말,茉
말,唜
말,抹
말,沫
말,襪
말,靺
말,帕
말,秣
망,亡
망,忙
망,忘
망,望
망,茫
망,妄
망,罔
망,網
망,芒
망,輞
망,邙
망,莽
망,惘
망,汒
망,漭
망,魍
망,莽
망,莽
망,望
망,朢
매,每
매,買
매,賣
매,妹
매,梅
매,埋
매,媒
매,寐
매,昧
매,枚
매,煤
매,罵
매,邁
매,魅
매,苺
매,呆
매,楳
매,沬
매,玫
매,眛
매,莓
매,酶
매,霉
맥,麥
맥,脈
맥,貊
맥,陌
맥,驀
맥,貃
맥,貘
맹,孟
맹,猛
맹,盟
맹,盲
맹,萌
맹,氓
맹,甍
맹,甿
맹,虻
멱,冪
멱,覓
멱,幎
면,免
면,勉
면,面
면,眠
면,綿
면,冕
면,棉
면,沔
면,眄
면,緬
면,麪
면,俛
면,湎
면,緜
면,麪
면,麵
멸,滅
멸,蔑
멸,篾
멸,衊
명,名
명,命
명,明
명,鳴
명,銘
명,冥
명,溟
명,暝
명,椧
명,皿
명,瞑
명,茗
명,蓂
명,螟
명,酩
명,慏
명,洺
명,眀
명,䳟
몌,袂
모,母
모,毛
모,暮
모,某
모,謀
모,模
모,貌
모,募
모,慕
모,冒
모,侮
모,摸
모,牟
모,謨
모,姆
모,帽
모,摹
모,牡
모,瑁
모,眸
모,耗
모,芼
모,茅
모,矛
모,橅
모,軞
모,慔
모,侔
모,姥
모,媢
모,嫫
모,恈
모,旄
모,皃
모,眊
모,耄
모,蝥
모,蟊
모,髦
목,木
목,目
목,牧
목,睦
목,穆
목,鶩
목,沐
목,苜
몰,沒
몰,歿
몽,夢
몽,蒙
몽,朦
몽,幪
몽,懞
몽,曚
몽,溕
몽,濛
몽,瞢
몽,矇
몽,艨
몽,雺
몽,鸏
묘,卯
묘,妙
묘,苗
묘,廟
묘,墓
묘,描
묘,錨
묘,畝
묘,昴
묘,杳
묘,渺
묘,猫
묘,淼
묘,眇
묘,藐
묘,貓
묘,妙
묘,竗
무,戊
무,茂
무,武
무,務
무,無
무,舞
무,貿
무,霧
무,拇
무,珷
무,畝
무,撫
무,懋
무,巫
무,憮
무,楙
무,毋
무,繆
무,蕪
무,誣
무,鵡
무,橅
무,儛
무,嘸
무,廡
무,膴
무,騖
무,無
무,无
묵,墨
묵,默
묵,嘿
문,門
문,問
문,聞
문,文
문,汶
문,炆
문,紋
문,們
문,刎
문,吻
문,紊
문,蚊
문,雯
문,抆
문,悗
문,懣
문,捫
문,璊
물,勿
물,物
물,沕
미,米
미,未
미,味
미,美
미,尾
미,迷
미,微
미,眉
미,渼
미,薇
미,彌
미,嵄
미,媄
미,媚
미,嵋
미,梶
미,楣
미,湄
미,謎
미,靡
미,黴
미,躾
미,媺
미,濔
미,煝
미,娓
미,洣
미,侎
미,瑂
미,𥹄
미,㵟
미,冞
미,蘪
미,媺
미,亹
미,弭
미,敉
미,麋
미,瀰
미,獼
미,糜
미,縻
미,苿
미,蘼
미,彌
미,弥
민,民
민,敏
민,憫
민,玟
민,旻
민,旼
민,閔
민,珉
민,岷
민,忞
민,慜
민,敃
민,愍
민,潣
민,暋
민,䪸
민,泯
민,悶
민,緡
민,𩔉
민,鈱
민,脗
민,閩
민,盿
민,罠
민,琝
민,琘
민,緍
민,苠
민,鰵
민,黽
민,珉
민,瑉
민,砇
민,䃉
민,忞
민,忟
밀,密
밀,蜜
밀,謐
밀,樒
밀,滵
박,泊
박,拍
박,迫
박,朴
박,博
박,薄
박,珀
박,撲
박,璞
박,鉑
박,舶
박,剝
박,樸
박,箔
박,粕
박,縛
박,膊
박,雹
박,駁
박,亳
박,欂
박,牔
박,鎛
박,駮
박,髆
반,反
반,飯
반,半
반,般
반,盤
반,班
반,返
반,叛
반,伴
반,畔
반,頒
반,潘
반,磐
반,拌
반,搬
반,攀
반,斑
반,槃
반,泮
반,瘢
반,盼
반,磻
반,礬
반,絆
반,蟠
반,豳
반,攽
반,媻
반,扳
반,搫
반,朌
반,胖
반,頖
반,螌
발,發
발,拔
발,髮
발,潑
발,鉢
발,渤
발,勃
발,撥
발,跋
발,醱
발,魃
발,炦
발,哱
발,浡
발,脖
발,鈸
발,鵓
방,方
방,房
방,防
방,放
방,訪
방,芳
방,傍
방,妨
방,倣
방,邦
방,坊
방,彷
방,昉
방,龐
방,榜
방,尨
방,旁
방,枋
방,滂
방,磅
방,紡
방,肪
방,膀
방,舫
방,蒡
방,蚌
방,謗
방,幫
방,仿
방,厖
방,徬
방,搒
방,旊
방,梆
방,牓
방,舽
방,螃
방,鎊
방,髣
방,魴
방,幫
방,幇
배,拜
배,杯
배,倍
배,培
배,配
배,排
배,輩
배,背
배,陪
배,裴
배,湃
배,俳
배,徘
배,焙
배,胚
배,褙
배,賠
배,北
배,䔒
배,貝
배,坏
배,扒
배,琲
배,蓓
배,杯
배,盃
배,裴
배,裵
백,白
백,百
백,伯
백,佰
백,帛
백,魄
백,柏
백,苩
백,䞟
백,珀
백,柏
백,栢
번,番
번,煩
번,繁
번,飜
번,蕃
번,幡
번,樊
번,燔
번,磻
번,藩
번,繙
번,膰
번,蘩
번,袢
번,飜
번,翻
벌,伐
벌,罰
벌,閥
벌,筏
벌,橃
벌,罸
범,凡
범,犯
범,範
범,帆
범,杋
범,氾
범,范
범,梵
범,泛
범,汎
범,釩
범,渢
범,滼
범,笵
범,訉
범,颿
법,法
법,琺
벽,壁
벽,碧
벽,璧
벽,闢
벽,僻
벽,劈
벽,擘
벽,檗
벽,癖
벽,霹
벽,辟
벽,擗
벽,甓
벽,疈
벽,襞
벽,鷿
벽,鼊
벽,檗
벽,蘗
변,變
변,辯
변,辨
변,邊
변,卞
변,弁
변,便
변,釆
변,忭
변,抃
변,籩
변,腁
변,賆
변,辮
변,駢
변,骿
변,鴘
별,別
별,瞥
별,鼈
별,襒
별,𩠻
별,莂
별,鷩
별,䭱
별,㔡
별,炦
별,彆
별,鼈
별,鱉
병,丙
병,病
병,兵
병,竝
병,屛
병,幷
병,倂
병,甁
병,輧
병,炳
병,柄
병,昞
병,秉
병,餠
병,騈
병,鉼
병,抦
병,絣
병,缾
병,迸
병,鈵
병,竝
병,並
병,幷
병,并
병,昞
병,昺
병,柄
병,棅
병,鉼
병,鉼
보,保
보,步
보,報
보,普
보,補
보,譜
보,寶
보,堡
보,甫
보,輔
보,菩
보,潽
보,洑
보,湺
보,褓
보,俌
보,𤣰
보,䀯
보,盙
보,簠
보,葆
보,靌
보,鴇
보,黼
보,寶
보,宝
보,珤
보,㻄
보,步
보,歩
복,福
복,伏
복,服
복,復
복,腹
복,複
복,卜
복,覆
복,馥
복,鍑
복,僕
복,匐
복,宓
복,茯
복,蔔
복,輹
복,輻
복,鰒
복,墣
복,幞
복,扑
복,濮
복,箙
복,菔
복,蝠
복,蝮
복,鵩
본,本
볼,乶
봉,奉
봉,逢
봉,峯
봉,蜂
봉,封
봉,鳳
봉,俸
봉,捧
봉,琫
봉,烽
봉,棒
봉,蓬
봉,鋒
봉,熢
봉,縫
봉,漨
봉,芃
봉,丰
봉,夆
봉,篷
봉,綘
봉,菶
봉,鴌
봉,峯
봉,峰
봉,漨
봉,浲
부,夫
부,扶
부,父
부,富
부,部
부,婦
부,否
부,浮
부,付
부,符
부,附
부,府
부,腐
부,負
부,副
부,簿
부,赴
부,賦
부,孚
부,芙
부,傅
부,溥
부,敷
부,復
부,不
부,俯
부,剖
부,咐
부,埠
부,孵
부,斧
부,缶
부,腑
부,艀
부,莩
부,訃
부,賻
부,趺
부,釜
부,阜
부,駙
부,鳧
부,膚
부,俘
부,媍
부,抔
부,拊
부,掊
부,桴
부,榑
부,涪
부,玞
부,祔
부,筟
부,罘
부,罦
부,胕
부,芣
부,苻
부,蔀
부,蚨
부,蜉
부,袝
부,裒
부,跗
부,鈇
부,頫
부,鮒
부,麩
북,北
분,分
분,紛
분,粉
분,奔
분,墳
분,憤
분,奮
분,汾
분,芬
분,盆
분,吩
분,噴
분,忿
분,扮
분,昐
분,焚
분,糞
분,賁
분,雰
분,体
분,坌
분,帉
분,枌
분,棼
분,棻
분,氛
분,湓
분,濆
분,犇
분,畚
분,砏
분,笨
분,肦
분,膹
분,蕡
분,轒
분,黺
분,鼢
불,不
불,佛
불,拂
불,彿
불,弗
불,岪
불,祓
불,紱
불,艴
불,茀
불,韍
불,髴
불,黻
붕,朋
붕,崩
붕,鵬
붕,棚
붕,硼
붕,繃
붕,堋
붕,鬅
붕,漰
비,比
비,非
비,悲
비,飛
비,鼻
비,備
비,批
비,卑
비,婢
비,碑
비,妃
비,肥
비,祕
비,費
비,庇
비,枇
비,琵
비,扉
비,譬
비,丕
비,匕
비,匪
비,憊
비,斐
비,榧
비,毖
비,毗
비,沸
비,泌
비,痺
비,砒
비,秕
비,粃
비,緋
비,翡
비,脾
비,臂
비,菲
비,蜚
비,裨
비,誹
비,鄙
비,棐
비,庀
비,奜
비,霏
비,俾
비,馡
비,伾
비,仳
비,剕
비,圮
비,埤
비,妣
비,屁
비,庳
비,悱
비,椑
비,沘
비,淝
비,淠
비,濞
비,狒
비,狉
비,痞
비,痹
비,睥
비,篦
비,紕
비,羆
비,腓
비,芘
비,芾
비,萆
비,蓖
비,蚍
비,貔
비,贔
비,轡
비,邳
비,郫
비,閟
비,陴
비,鞴
비,騑
비,騛
비,髀
비,鼙
비,祕
비,秘
비,毗
비,毘
빈,貧
빈,賓
빈,頻
빈,彬
빈,斌
빈,濱
빈,嬪
빈,穦
빈,儐
빈,璸
빈,玭
빈,嚬
빈,檳
빈,殯
빈,浜
빈,瀕
빈,牝
빈,邠
빈,繽
빈,豳
빈,霦
빈,贇
빈,鑌
빈,擯
빈,馪
빈,矉
빈,臏
빈,蘋
빈,顰
빈,鬢
빈,彬
빈,份
빙,氷
빙,聘
빙,憑
빙,騁
빙,凭
빙,娉
사,四
사,巳
사,士
사,仕
사,寺
사,史
사,使
사,舍
사,射
사,謝
사,師
사,死
사,私
사,絲
사,思
사,事
사,司
사,詞
사,蛇
사,捨
사,邪
사,賜
사,斜
사,詐
사,社
사,沙
사,似
사,査
사,寫
사,辭
사,斯
사,祀
사,泗
사,砂
사,糸
사,紗
사,娑
사,徙
사,奢
사,嗣
사,赦
사,乍
사,些
사,伺
사,俟
사,僿
사,唆
사,柶
사,梭
사,渣
사,瀉
사,獅
사,祠
사,肆
사,莎
사,蓑
사,裟
사,飼
사,駟
사,麝
사,篩
사,傞
사,剚
사,卸
사,咋
사,姒
사,楂
사,榭
사,汜
사,痧
사,皶
사,竢
사,笥
사,蜡
사,覗
사,駛
사,魦
사,鯊
사,鰤
삭,削
삭,朔
삭,數
삭,索
삭,爍
삭,鑠
삭,搠
삭,槊
삭,蒴
산,山
산,産
산,散
산,算
산,珊
산,傘
산,刪
산,汕
산,疝
산,蒜
산,霰
산,酸
산,產
산,祘
산,㦃
산,剷
산,姍
산,孿
산,橵
산,澘
산,潸
산,狻
산,繖
산,訕
산,鏟
살,殺
살,薩
살,乷
살,撒
살,煞
삼,三
삼,參
삼,蔘
삼,杉
삼,衫
삼,滲
삼,芟
삼,森
삼,糝
삼,釤
삼,鬖
삽,插
삽,澁
삽,鈒
삽,颯
삽,卅
삽,唼
삽,歃
삽,翣
삽,鍤
삽,霅
삽,霎
삽,插
삽,揷
상,上
상,尙
상,常
상,賞
상,商
상,相
상,霜
상,想
상,傷
상,喪
상,嘗
상,裳
상,詳
상,祥
상,象
상,像
상,床
상,桑
상,狀
상,償
상,庠
상,湘
상,箱
상,翔
상,爽
상,塽
상,孀
상,峠
상,廂
상,橡
상,觴
상,樣
상,牀
상,慡
상,潒
상,徜
상,晌
상,殤
상,甞
상,緗
상,鎟
상,顙
상,鬺
새,塞
새,璽
새,賽
새,鰓
색,色
색,索
색,嗇
색,穡
색,塞
색,槭
색,濇
색,瀒
생,生
생,牲
생,甥
생,省
생,笙
생,眚
생,鉎
서,西
서,序
서,書
서,署
서,敍
서,徐
서,庶
서,恕
서,暑
서,緖
서,誓
서,逝
서,抒
서,舒
서,瑞
서,棲
서,曙
서,壻
서,㥠
서,諝
서,墅
서,嶼
서,犀
서,筮
서,絮
서,胥
서,薯
서,鋤
서,黍
서,鼠
서,藇
서,揟
서,悆
서,湑
서,偦
서,稰
서,㷂
서,遾
서,噬
서,撕
서,澨
서,紓
서,耡
서,芧
서,鉏
서,敍
서,叙
서,敘
서,棲
서,栖
서,捿
서,壻
서,婿
서,嶼
서,㠘
서,恕
서,㣽
서,胥
서,縃
서,諝
서,𧩑
석,石
석,夕
석,昔
석,惜
석,席
석,析
석,釋
석,碩
석,奭
석,汐
석,淅
석,晳
석,䄷
석,鉐
석,錫
석,潟
석,蓆
석,舃
석,鼫
석,褯
석,矽
석,腊
석,蜥
석,晳
석,晰
선,先
선,仙
선,線
선,鮮
선,善
선,船
선,選
선,宣
선,旋
선,禪
선,扇
선,渲
선,瑄
선,愃
선,墡
선,膳
선,繕
선,琁
선,璿
선,璇
선,羨
선,嬋
선,銑
선,珗
선,嫙
선,僊
선,敾
선,煽
선,癬
선,腺
선,蘚
선,蟬
선,詵
선,跣
선,鐥
선,洒
선,亘
선,譔
선,䁢
선,㻽
선,洗
선,尟
선,屳
선,歚
선,筅
선,綫
선,譱
선,鏇
선,鱻
선,騸
선,鱓
선,膳
선,饍
설,雪
설,說
설,設
설,舌
설,薛
설,楔
설,屑
설,泄
설,洩
설,渫
설,褻
설,齧
설,禼
설,蔎
설,契
설,偰
설,㨹
설,媟
설,揲
설,暬
설,爇
설,碟
설,稧
설,紲
설,禼
설,卨
섬,纖
섬,暹
섬,蟾
섬,剡
섬,殲
섬,贍
섬,閃
섬,陝
섬,孅
섬,憸
섬,摻
섬,睒
섬,譫
섬,銛
섬,韱
섭,涉
섭,攝
섭,燮
섭,葉
섭,㰔
섭,𦁗
섭,躞
섭,躡
섭,囁
섭,懾
섭,灄
섭,聶
섭,鑷
섭,顳
성,姓
성,性
성,成
성,城
성,誠
성,盛
성,省
성,聖
성,聲
성,星
성,珹
성,娍
성,瑆
성,惺
성,醒
성,宬
성,猩
성,筬
성,腥
성,貹
성,胜
성,成
성,城
성,誠
성,盛
성,晟
성,𦖤
성,騂
성,晟
성,晟
성,晠
성,聖
성,聖
세,世
세,洗
세,稅
세,細
세,勢
세,歲
세,貰
세,笹
세,說
세,忕
세,洒
세,涗
세,𡜧
세,銴
세,彗
세,帨
세,繐
세,蛻
소,小
소,少
소,所
소,消
소,素
소,笑
소,召
소,昭
소,蘇
소,騷
소,燒
소,訴
소,掃
소,疏
소,蔬
소,沼
소,炤
소,紹
소,邵
소,韶
소,巢
소,遡
소,柖
소,玿
소,嘯
소,塑
소,宵
소,搔
소,梳
소,瀟
소,瘙
소,篠
소,簫
소,蕭
소,逍
소,銷
소,愫
소,穌
소,卲
소,霄
소,劭
소,䘘
소,璅
소,傃
소,䴛
소,佋
소,嗉
소,埽
소,塐
소,愬
소,捎
소,樔
소,泝
소,筱
소,箾
소,繅
소,翛
소,膆
소,艘
소,蛸
소,酥
소,魈
소,鮹
소,疏
소,疎
소,穌
소,甦
소,霄
소,䨭
소,遡
소,溯
소,笑
소,咲
속,俗
속,速
속,續
속,束
속,粟
속,屬
속,涑
속,謖
속,贖
속,洬
속,遬
손,孫
손,損
손,遜
손,巽
손,蓀
손,飧
손,飧
손,飡
솔,率
솔,帥
솔,乺
솔,䢦
솔,𧗿
솔,窣
솔,蟀
송,松
송,送
송,頌
송,訟
송,誦
송,宋
송,淞
송,悚
송,竦
송,憽
송,鬆
쇄,刷
쇄,鎖
쇄,殺
쇄,灑
쇄,碎
쇄,曬
쇄,瑣
쇄,鎖
쇄,鎻
쇠,衰
쇠,釗
수,水
수,手
수,受
수,授
수,首
수,守
수,收
수,誰
수,須
수,雖
수,愁
수,樹
수,壽
수,數
수,修
수,秀
수,囚
수,需
수,帥
수,殊
수,隨
수,輸
수,獸
수,睡
수,遂
수,垂
수,搜
수,洙
수,琇
수,銖
수,粹
수,穗
수,繡
수,隋
수,髓
수,袖
수,嗽
수,嫂
수,岫
수,戍
수,漱
수,燧
수,狩
수,璲
수,瘦
수,綏
수,綬
수,羞
수,茱
수,蒐
수,蓚
수,藪
수,邃
수,酬
수,銹
수,隧
수,鬚
수,䳠
수,賥
수,豎
수,讎
수,睢
수,睟
수,瓍
수,宿
수,汓
수,㻽
수,叟
수,售
수,廋
수,晬
수,殳
수,泅
수,溲
수,瞍
수,祟
수,籔
수,脺
수,膄
수,膸
수,陲
수,颼
수,饈
수,壽
수,寿
수,修
수,脩
수,穗
수,穂
수,岫
수,峀
수,豎
수,竪
수,讎
수,讐
수,睢
수,濉
숙,叔
숙,淑
숙,宿
숙,孰
숙,熟
숙,肅
숙,塾
숙,琡
숙,璹
숙,橚
숙,夙
숙,潚
숙,菽
숙,倏
숙,俶
숙,儵
숙,婌
숙,驌
숙,鷫
순,順
순,純
순,旬
순,殉
순,循
순,脣
순,瞬
순,巡
순,洵
순,珣
순,荀
순,筍
순,舜
순,淳
순,焞
순,諄
순,錞
순,醇
순,徇
순,恂
순,栒
순,楯
순,橓
순,蓴
순,蕣
순,詢
순,馴
순,盾
순,峋
순,姰
순,畃
순,侚
순,盹
순,眴
순,紃
순,肫
순,駨
순,鬊
순,鶉
술,戌
술,述
술,術
술,鉥
술,𡊍
술,絉
숭,崇
숭,嵩
숭,崧
숭,菘
쉬,倅
쉬,淬
쉬,焠
슬,瑟
슬,膝
슬,璱
슬,蝨
슬,㻭
슬,𩇣
슬,虱
습,習
습,拾
습,濕
습,襲
습,褶
습,慴
습,槢
습,隰
승,乘
승,承
승,勝
승,昇
승,僧
승,丞
승,陞
승,繩
승,蠅
승,升
승,榺
승,氶
승,塍
승,㞼
승,陹
승,鬙
승,陞
승,阩
시,市
시,示
시,是
시,時
시,詩
시,施
시,試
시,始
시,矢
시,侍
시,視
시,柴
시,恃
시,匙
시,嘶
시,媤
시,尸
시,屎
시,屍
시,弒
시,猜
시,翅
시,蒔
시,蓍
시,諡
시,豕
시,豺
시,偲
시,毸
시,諟
시,媞
시,柹
시,愢
시,禔
시,絁
시,沶
시,諰
시,眂
시,漦
시,兕
시,厮
시,啻
시,塒
시,廝
시,枲
시,澌
시,緦
시,翤
시,豉
시,釃
시,鍉
시,顋
시,柹
시,柿
시,枾
식,食
식,式
식,植
식,識
식,息
식,飾
식,栻
식,埴
식,殖
식,湜
식,軾
식,寔
식,拭
식,熄
식,篒
식,蝕
식,媳
신,身
신,申
신,神
신,臣
신,信
신,辛
신,新
신,伸
신,晨
신,愼
신,紳
신,莘
신,薪
신,迅
신,訊
신,侁
신,呻
신,娠
신,宸
신,燼
신,腎
신,藎
신,蜃
신,辰
신,璶
신,哂
신,囟
신,姺
신,汛
신,矧
신,脤
신,贐
신,頣
신,駪
실,失
실,室
실,實
실,悉
실,蟋
실,實
실,実
심,心
심,甚
심,深
심,尋
심,審
심,沁
심,沈
심,瀋
심,芯
심,諶
심,潯
심,燖
심,葚
심,鐔
심,鱏
십,十
십,什
십,拾
쌍,雙
쌍,雙
쌍,双
씨,氏
아,兒
아,我
아,牙
아,芽
아,雅
아,亞
아,餓
아,娥
아,峨
아,衙
아,妸
아,俄
아,啞
아,莪
아,蛾
아,訝
아,鴉
아,鵝
아,阿
아,婀
아,哦
아,硪
아,皒
아,砑
아,婭
아,椏
아,啊
아,妿
아,猗
아,枒
아,丫
아,疴
아,笌
아,迓
아,錏
아,鵞
아,兒
아,児
아,亞
아,亜
아,峨
아,峩
아,婀
아,娿
악,惡
악,岳
악,樂
악,堊
악,嶽
악,幄
악,愕
악,握
악,渥
악,鄂
악,鍔
악,顎
악,鰐
악,齷
악,偓
악,鄂
악,咢
악,喔
악,噩
악,腭
악,萼
악,覨
악,諤
악,鶚
악,齶
안,安
안,案
안,顔
안,眼
안,岸
안,雁
안,晏
안,按
안,鞍
안,鮟
안,𤎝
안,姲
안,婩
안,矸
안,侒
안,䭓
안,犴
안,雁
안,鴈
안,案
안,桉
알,謁
알,斡
알,軋
알,閼
알,嘎
알,揠
알,穵
알,訐
알,遏
알,頞
알,鴶
암,暗
암,巖
암,庵
암,菴
암,唵
암,癌
암,闇
암,啽
암,媕
암,嵓
암,晻
암,腤
암,葊
암,蓭
암,諳
암,頷
암,馣
암,黯
암,巖
암,岩
압,壓
압,押
압,鴨
압,狎
앙,仰
앙,央
앙,殃
앙,鴦
앙,怏
앙,秧
앙,昂
앙,卬
앙,坱
앙,盎
앙,鞅
앙,泱
앙,昂
앙,昻
애,愛
애,哀
애,涯
애,厓
애,崖
애,艾
애,埃
애,曖
애,隘
애,靄
애,䝽
애,礙
애,㶼
애,唉
애,僾
애,啀
애,噯
애,娭
애,崕
애,挨
애,捱
애,欸
애,漄
애,獃
애,皚
애,睚
애,瞹
애,磑
애,薆
애,藹
애,靉
애,騃
애,礙
애,碍
액,厄
액,額
액,液
액,扼
액,掖
액,縊
액,腋
액,呝
액,戹
액,搤
액,阨
앵,鶯
앵,櫻
앵,罌
앵,鸚
앵,嚶
앵,嫈
앵,罃
야,也
야,夜
야,野
야,耶
야,冶
야,倻
야,惹
야,椰
야,爺
야,若
야,捓
야,野
야,埜
야,捓
야,揶
약,弱
약,若
약,約
약,藥
약,躍
약,葯
약,蒻
약,爚
약,禴
약,篛
약,籥
약,鑰
약,鶸
약,龠
양,羊
양,洋
양,養
양,揚
양,陽
양,讓
양,壤
양,樣
양,楊
양,襄
양,孃
양,漾
양,佯
양,恙
양,攘
양,暘
양,瀁
양,煬
양,痒
양,瘍
양,禳
양,穰
양,釀
양,椋
양,徉
양,瀼
양,烊
양,癢
양,眻
양,蘘
양,輰
양,鑲
양,颺
양,驤
양,陽
양,昜
양,揚
양,敭
어,魚
어,漁
어,於
어,語
어,御
어,圄
어,瘀
어,禦
어,馭
어,齬
어,唹
어,䘘
어,圉
어,敔
어,淤
어,飫
억,億
억,憶
억,抑
억,檍
억,臆
억,繶
언,言
언,焉
언,諺
언,彥
언,偃
언,堰
언,嫣
언,傿
언,匽
언,讞
언,鄢
언,鼴
언,鼹
언,彥
언,彦
얼,孼
얼,蘖
얼,糱
얼,乻
얼,臬
얼,糱
얼,糵
엄,嚴
엄,奄
엄,俺
엄,掩
엄,儼
엄,淹
엄,龑
엄,崦
엄,曮
엄,罨
엄,醃
엄,閹
엄,广
엄,嚴
엄,厳
업,業
업,嶪
업,嶫
업,鄴
에,恚
에,曀
엔,円
여,余
여,餘
여,如
여,汝
여,與
여,予
여,輿
여,歟
여,璵
여,礖
여,艅
여,茹
여,轝
여,妤
여,悆
여,舁
역,亦
역,易
역,逆
역,譯
역,驛
역,役
역,疫
역,域
역,晹
역,繹
역,嶧
역,懌
역,淢
역,閾
연,然
연,煙
연,硏
연,延
연,燃
연,燕
연,沿
연,鉛
연,宴
연,軟
연,演
연,緣
연,衍
연,淵
연,姸
연,娟
연,涓
연,沇
연,筵
연,瑌
연,娫
연,嚥
연,堧
연,捐
연,挻
연,椽
연,涎
연,縯
연,鳶
연,硯
연,曣
연,㜣
연,醼
연,兗
연,嬿
연,莚
연,瓀
연,均
연,戭
연,囦
연,埏
연,悁
연,掾
연,櫞
연,渷
연,臙
연,蜵
연,蠕
연,讌
연,煙
연,烟
연,淵
연,渊
연,兗
연,兖
연,姸
연,妍
연,娟
연,姢
연,軟
연,輭
연,硯
연,䂩
열,熱
열,悅
열,閱
열,說
열,咽
열,潱
열,噎
염,炎
염,染
염,鹽
염,琰
염,艷
염,厭
염,焰
염,苒
염,閻
염,髥
염,冉
염,懕
염,扊
염,檿
염,灩
염,饜
염,魘
염,黶
염,艷
염,艶
엽,葉
엽,燁
엽,曄
엽,熀
엽,曅
엽,爗
엽,靨
영,永
영,英
영,迎
영,榮
영,泳
영,詠
영,營
영,影
영,映
영,渶
영,煐
영,瑛
영,瑩
영,瀯
영,盈
영,楹
영,鍈
영,嬰
영,穎
영,瓔
영,咏
영,塋
영,嶸
영,潁
영,瀛
영,纓
영,霙
영,嬴
영,𢥏
영,蠑
영,朠
영,浧
영,䀴
영,栐
영,濴
영,癭
영,韺
영,碤
영,縈
영,贏
영,郢
영,榮
영,栄
영,荣
영,映
영,暎
영,瀯
영,濚
예,藝
예,豫
예,譽
예,銳
예,叡
예,預
예,芮
예,乂
예,倪
예,刈
예,曳
예,汭
예,濊
예,猊
예,穢
예,裔
예,詣
예,霓
예,堄
예,橤
예,玴
예,嫕
예,蓺
예,蕊
예,𣫙
예,艾
예,㙯
예,羿
예,瘱
예,郳
예,䢃
예,帠
예,淣
예,兒
예,囈
예,嫛
예,拽
예,掜
예,枘
예,獩
예,睨
예,瞖
예,繄
예,翳
예,薉
예,蚋
예,蜺
예,鯢
예,鷖
예,麑
예,叡
예,睿
예,䜭
예,壡
예,藝
예,埶
예,芸
예,蕊
예,蘂
오,五
오,吾
오,悟
오,午
오,誤
오,烏
오,汚
오,嗚
오,娛
오,傲
오,伍
오,吳
오,旿
오,珸
오,晤
오,奧
오,俉
오,塢
오,墺
오,寤
오,惡
오,懊
오,敖
오,熬
오,澳
오,獒
오,筽
오,蜈
오,鼇
오,梧
오,浯
오,燠
오,䫨
오,仵
오,俣
오,唔
오,嗷
오,噁
오,圬
오,嫯
오,忤
오,慠
오,捂
오,汙
오,窹
오,聱
오,茣
오,襖
오,謷
오,迃
오,迕
오,遨
오,鏊
오,鏖
오,隩
오,驁
오,鼯
오,鼇
오,鰲
옥,玉
옥,屋
옥,獄
옥,沃
옥,鈺
온,溫
온,瑥
온,媼
온,穩
온,瘟
온,縕
온,蘊
온,𥠺
온,𥁕
온,榲
온,馧
온,䭓
온,媪
온,慍
온,氳
온,熅
온,轀
온,醞
온,韞
온,薀
온,穩
온,稳
온,𥁕
온,昷
올,兀
올,杌
올,嗢
올,膃
옹,翁
옹,擁
옹,雍
옹,壅
옹,瓮
옹,甕
옹,癰
옹,邕
옹,饔
옹,喁
옹,廱
옹,滃
옹,癕
옹,禺
옹,罋
옹,蓊
옹,雝
옹,顒
와,瓦
와,臥
와,渦
와,窩
와,窪
와,蛙
와,蝸
와,訛
와,哇
와,囮
와,婐
와,枙
와,洼
와,猧
와,窊
와,萵
와,譌
완,完
완,緩
완,玩
완,垸
완,浣
완,莞
완,琓
완,琬
완,婠
완,婉
완,宛
완,梡
완,椀
완,碗
완,翫
완,脘
완,腕
완,豌
완,阮
완,頑
완,妧
완,岏
완,鋺
완,抏
완,杬
완,刓
완,忨
완,惋
완,涴
완,盌
왈,曰
왕,王
왕,往
왕,旺
왕,汪
왕,枉
왕,瀇
왕,迬
왜,倭
왜,娃
왜,歪
왜,矮
왜,媧
외,外
외,畏
외,嵬
외,巍
외,猥
외,偎
외,嵔
외,崴
외,渨
외,煨
외,碨
외,磈
외,聵
외,隗
요,要
요,腰
요,搖
요,遙
요,謠
요,夭
요,堯
요,饒
요,曜
요,耀
요,瑤
요,樂
요,姚
요,僥
요,凹
요,妖
요,嶢
요,拗
요,擾
요,橈
요,燿
요,窈
요,窯
요,繇
요,繞
요,蟯
요,邀
요,暚
요,偠
요,喓
요,坳
요,墝
요,嬈
요,幺
요,徭
요,徼
요,殀
요,澆
요,祅
요,穾
요,窅
요,蕘
요,遶
요,鷂
욕,欲
욕,浴
욕,慾
욕,辱
욕,縟
욕,褥
욕,溽
욕,蓐
용,用
용,勇
용,容
용,庸
용,溶
용,鎔
용,瑢
용,榕
용,蓉
용,涌
용,埇
용,踊
용,鏞
용,茸
용,墉
용,甬
용,俑
용,傭
용,慂
용,聳
용,傛
용,槦
용,宂
용,㦶
용,嵱
용,慵
용,憃
용,硧
용,舂
용,蛹
용,踴
용,鎔
용,熔
용,涌
용,湧
용,宂
용,冗
우,于
우,宇
우,右
우,牛
우,友
우,雨
우,憂
우,又
우,尤
우,遇
우,羽
우,郵
우,愚
우,偶
우,優
우,佑
우,祐
우,禹
우,瑀
우,寓
우,堣
우,隅
우,玗
우,釪
우,迂
우,䨒
우,旴
우,盂
우,禑
우,紆
우,芋
우,藕
우,虞
우,雩
우,扜
우,圩
우,慪
우,燠
우,㥥
우,俁
우,邘
우,盓
우,亴
우,偊
우,吁
우,嵎
우,庽
우,杅
우,疣
우,盱
우,竽
우,耦
우,耰
우,謣
우,踽
우,鍝
우,麀
우,麌
우,齲
우,雨
우,㲾
욱,旭
욱,昱
욱,煜
욱,郁
욱,頊
욱,彧
욱,勖
욱,栯
욱,燠
욱,稢
욱,𢒰
욱,稢
욱,稶
운,云
운,雲
운,運
운,韻
운,沄
운,澐
운,耘
운,賱
운,夽
운,暈
운,橒
운,殞
운,熉
운,芸
운,蕓
운,隕
운,篔
운,䆬
운,員
운,鄖
운,䫟
운,惲
운,紜
운,霣
운,韵
운,篔
운,䉙
울,蔚
울,鬱
울,𠃗
울,菀
웅,雄
웅,熊
원,元
원,原
원,願
원,遠
원,園
원,怨
원,圓
원,員
원,源
원,援
원,院
원,袁
원,垣
원,洹
원,沅
원,瑗
원,媛
원,嫄
원,愿
원,苑
원,轅
원,婉
원,湲
원,爰
원,猿
원,阮
원,鴛
원,褑
원,朊
원,杬
원,鋺
원,冤
원,笎
원,邍
원,倇
원,楥
원,芫
원,薗
원,蜿
원,謜
원,騵
원,鵷
원,黿
원,猨
원,冤
원,寃
원,員
원,貟
월,月
월,越
월,鉞
월,刖
월,粤
위,位
위,危
위,爲
위,偉
위,威
위,胃
위,謂
위,圍
위,衛
위,違
위,委
위,慰
위,僞
위,緯
위,尉
위,韋
위,瑋
위,暐
위,渭
위,魏
위,萎
위,葦
위,蔿
위,蝟
위,褘
위,衞
위,韡
위,喟
위,幃
위,熨
위,痿
위,葳
위,諉
위,逶
위,闈
위,韙
위,餧
위,骪
유,由
유,油
유,酉
유,有
유,猶
유,唯
유,遊
유,柔
유,遺
유,幼
유,幽
유,惟
유,維
유,乳
유,儒
유,裕
유,誘
유,愈
유,悠
유,侑
유,洧
유,宥
유,庾
유,喩
유,兪
유,楡
유,瑜
유,猷
유,濡
유,愉
유,秞
유,攸
유,柚
유,琟
유,釉
유,孺
유,揄
유,楢
유,游
유,癒
유,臾
유,萸
유,諛
유,諭
유,踰
유,蹂
유,逾
유,鍮
유,曘
유,婑
유,囿
유,牖
유,逌
유,姷
유,聈
유,蕤
유,甤
유,湵
유,瑈
유,需
유,揉
유,帷
유,冘
유,呦
유,壝
유,泑
유,鼬
유,龥
유,瘉
유,瘐
유,窬
유,窳
유,籲
유,糅
유,緌
유,腴
유,莠
유,蕕
유,蚴
유,蚰
유,蝤
유,褕
유,黝
유,讉
유,鞣
유,鮪
유,兪
유,俞
유,濡
유,㴗
육,肉
육,育
육,堉
육,毓
육,儥
윤,閏
윤,潤
윤,尹
윤,允
윤,玧
윤,鈗
윤,胤
윤,阭
윤,奫
윤,贇
윤,昀
윤,荺
윤,鋆
윤,橍
윤,沇
윤,閏
윤,䦞
윤,閠
윤,胤
윤,㣧
율,聿
율,燏
율,汩
율,䢖
율,潏
율,鴥
율,矞
율,䫻
융,融
융,戎
융,瀜
융,絨
융,狨
은,恩
은,銀
은,隱
은,垠
은,殷
은,誾
은,溵
은,珢
은,慇
은,濦
은,㒚
은,听
은,𤨒
은,圻
은,蘟
은,檼
은,檃
은,訢
은,蒑
은,泿
은,蒽
은,憖
은,圁
은,嶾
은,𪙤
은,嚚
은,垽
은,狺
은,癮
은,訔
은,鄞
은,齗
은,誾
은,𨶡
을,乙
을,圪
을,鳦
음,音
음,吟
음,飮
음,陰
음,淫
음,蔭
음,愔
음,韾
음,喑
음,崟
음,廕
음,霪
읍,邑
읍,泣
읍,揖
읍,悒
읍,挹
읍,浥
응,應
응,凝
응,膺
응,鷹
응,𥌾
의,衣
의,依
의,義
의,議
의,矣
의,醫
의,意
의,宜
의,儀
의,疑
의,倚
의,誼
의,毅
의,擬
의,懿
의,椅
의,艤
의,薏
의,蟻
의,㛄
의,猗
의,儗
의,凒
의,劓
의,嶷
의,欹
의,漪
의,礒
의,饐
의,螘
이,二
이,以
이,已
이,耳
이,而
이,異
이,移
이,夷
이,珥
이,伊
이,易
이,弛
이,怡
이,爾
이,彝
이,頤
이,姨
이,痍
이,肄
이,苡
이,荑
이,貽
이,邇
이,飴
이,貳
이,媐
이,杝
이,䏪
이,㛅
이,珆
이,鴯
이,羡
이,巸
이,佴
이,廙
이,咿
이,尔
이,栮
이,洟
이,訑
이,迤
이,隶
이,彝
이,彛
익,益
익,翼
익,翊
익,瀷
익,謚
익,翌
익,熤
익,弋
익,鷁
인,人
인,引
인,仁
인,因
인,忍
인,認
인,寅
인,印
인,姻
인,咽
인,湮
인,絪
인,茵
인,蚓
인,靷
인,刃
인,芢
인,㲽
인,牣
인,璌
인,韌
인,𣍃
인,氤
인,𦟘
인,儿
인,諲
인,濥
인,秵
인,戭
인,仞
인,堙
인,夤
인,婣
인,洇
인,禋
인,裀
인,韌
인,靭
인,𣍃
인,朄
인,仁
인,忈
인,忎
일,一
일,日
일,逸
일,溢
일,鎰
일,馹
일,佾
일,佚
일,壹
일,劮
일,泆
일,軼
일,逸
일,𨓜
임,壬
임,任
임,賃
임,妊
임,稔
임,恁
임,荏
임,䚾
임,䛘
임,絍
임,衽
임,銋
임,飪
임,妊
임,姙
입,入
입,廿
입,廿
입,卄
잉,剩
잉,仍
잉,孕
잉,芿
잉,媵
자,子
자,字
자,自
자,者
자,姊
자,慈
자,茲
자,紫
자,資
자,姿
자,恣
자,刺
자,仔
자,滋
자,磁
자,藉
자,瓷
자,咨
자,孜
자,炙
자,煮
자,疵
자,茨
자,蔗
자,諮
자,雌
자,秄
자,褯
자,呰
자,嬨
자,孖
자,孶
자,柘
자,泚
자,牸
자,眦
자,眥
자,耔
자,胾
자,茈
자,莿
자,虸
자,觜
자,訾
자,貲
자,赭
자,鎡
자,頿
자,髭
자,鮓
자,鶿
자,鷓
자,粢
자,姊
자,姉
자,茲
자,玆
작,作
작,昨
작,酌
작,爵
작,灼
작,芍
작,雀
작,鵲
작,勺
작,嚼
작,斫
작,炸
작,綽
작,舃
작,岝
작,怍
작,斱
작,柞
작,汋
작,焯
작,犳
작,碏
잔,殘
잔,孱
잔,棧
잔,潺
잔,盞
잔,剗
잔,驏
잠,潛
잠,暫
잠,箴
잠,岑
잠,簪
잠,蠶
잠,涔
잠,潛
잠,潜
잡,雜
잡,卡
잡,囃
잡,眨
잡,磼
잡,襍
장,長
장,章
장,場
장,將
장,壯
장,丈
장,張
장,帳
장,莊
장,裝
장,奬
장,墻
장,葬
장,粧
장,掌
장,藏
장,臟
장,障
장,腸
장,匠
장,杖
장,奘
장,漳
장,樟
장,璋
장,暲
장,薔
장,蔣
장,仗
장,檣
장,欌
장,漿
장,狀
장,獐
장,臧
장,贓
장,醬
장,傽
장,妝
장,嬙
장,嶂
장,廧
장,戕
장,牂
장,瘴
장,糚
장,羘
장,萇
장,鄣
장,鏘
장,餦
장,麞
장,將
장,将
장,壯
장,壮
장,莊
장,庄
장,墻
장,牆
장,奬
장,獎
재,才
재,材
재,財
재,在
재,栽
재,再
재,哉
재,災
재,裁
재,載
재,宰
재,梓
재,縡
재,齋
재,渽
재,滓
재,齎
재,捚
재,賳
재,溨
재,夈
재,崽
재,扗
재,榟
재,灾
재,纔
쟁,爭
쟁,錚
쟁,箏
쟁,諍
쟁,崢
쟁,猙
쟁,琤
쟁,鎗
저,著
저,貯
저,低
저,底
저,抵
저,苧
저,邸
저,楮
저,沮
저,佇
저,儲
저,咀
저,姐
저,杵
저,樗
저,渚
저,狙
저,猪
저,疽
저,箸
저,紵
저,菹
저,藷
저,詛
저,躇
저,這
저,雎
저,齟
저,宁
저,岨
저,杼
저,柢
저,氐
저,潴
저,瀦
저,牴
저,罝
저,羝
저,苴
저,蛆
저,袛
저,褚
저,觝
저,詆
저,陼
적,的
적,赤
적,適
적,敵
적,滴
적,摘
적,寂
적,籍
적,賊
적,跡
적,積
적,績
적,迪
적,勣
적,吊
적,嫡
적,狄
적,炙
적,翟
적,荻
적,謫
적,迹
적,鏑
적,笛
적,蹟
적,樀
적,磧
적,糴
적,菂
적,覿
적,逖
적,馰
전,田
전,全
전,典
전,前
전,展
전,戰
전,電
전,錢
전,傳
전,專
전,轉
전,殿
전,佺
전,栓
전,詮
전,銓
전,琠
전,甸
전,塡
전,奠
전,荃
전,雋
전,顚
전,佃
전,剪
전,塼
전,廛
전,悛
전,氈
전,澱
전,煎
전,畑
전,癲
전,筌
전,箋
전,箭
전,篆
전,纏
전,輾
전,鈿
전,鐫
전,顫
전,餞
전,吮
전,囀
전,嫥
전,屇
전,巓
전,戩
전,揃
전,旃
전,栴
전,湔
전,澶
전,牋
전,甎
전,畋
전,痊
전,癜
전,磚
전,籛
전,羶
전,翦
전,腆
전,膞
전,躔
전,輇
전,邅
전,鄽
전,鋑
전,錪
전,靛
전,靦
전,顓
전,飦
전,餰
전,鬋
전,鱣
전,鸇
절,節
절,絕
절,切
절,折
절,竊
절,晢
절,截
절,浙
절,癤
절,岊
절,絕
절,絶
점,店
점,占
점,點
점,漸
점,岾
점,粘
점,霑
점,鮎
점,佔
점,墊
점,玷
점,笘
점,簟
점,苫
점,蔪
점,蛅
점,覘
점,颭
점,黏
점,點
점,点
점,奌
접,接
접,蝶
접,摺
접,椄
접,楪
접,蜨
접,跕
접,蹀
접,鰈
정,丁
정,頂
정,停
정,井
정,正
정,政
정,定
정,貞
정,精
정,情
정,靜
정,淨
정,庭
정,亭
정,訂
정,廷
정,程
정,征
정,整
정,汀
정,玎
정,町
정,呈
정,桯
정,珵
정,姃
정,偵
정,湞
정,幀
정,楨
정,禎
정,珽
정,挺
정,綎
정,鼎
정,晶
정,晸
정,柾
정,鉦
정,淀
정,錠
정,鋌
정,鄭
정,靖
정,靚
정,鋥
정,炡
정,渟
정,釘
정,涏
정,𩓞
정,婷
정,旌
정,檉
정,瀞
정,睛
정,碇
정,穽
정,艇
정,諪
정,酊
정,霆
정,𩇕
정,埩
정,佂
정,妌
정,梃
정,胜
정,灯
정,眐
정,靘
정,朾
정,侹
정,掟
정,頲
정,叮
정,婧
정,怔
정,棖
정,疔
정,筳
정,莛
정,証
정,酲
정,遉
정,靜
정,静
제,弟
제,第
제,祭
제,帝
제,題
제,除
제,諸
제,製
제,提
제,堤
제,制
제,際
제,齊
제,濟
제,悌
제,梯
제,瑅
제,劑
제,啼
제,臍
제,薺
제,蹄
제,醍
제,霽
제,媞
제,儕
제,禔
제,偙
제,姼
제,晢
제,娣
제,擠
제,猘
제,睇
제,稊
제,緹
제,踶
제,蹏
제,躋
제,鍗
제,隄
제,韲
제,鮧
제,鯷
제,濟
제,済
조,兆
조,早
조,造
조,鳥
조,調
조,朝
조,助
조,弔
조,燥
조,操
조,照
조,條
조,潮
조,租
조,組
조,祖
조,彫
조,措
조,晁
조,窕
조,祚
조,趙
조,肇
조,詔
조,釣
조,曹
조,遭
조,眺
조,俎
조,凋
조,嘲
조,棗
조,槽
조,漕
조,爪
조,璪
조,稠
조,粗
조,糟
조,繰
조,藻
조,蚤
조,躁
조,阻
조,雕
조,昭
조,嶆
조,佻
조,傮
조,刁
조,厝
조,嘈
조,噪
조,嬥
조,徂
조,懆
조,找
조,殂
조,澡
조,琱
조,皁
조,祧
조,竈
조,笊
조,糙
조,糶
조,絩
조,絛
조,胙
조,臊
조,艚
조,蔦
조,蜩
조,誂
조,譟
조,鈟
조,銚
조,鋽
조,鯛
조,鵰
조,鼂
조,曹
조,曺
조,棗
조,𠄬
족,足
족,族
족,簇
족,鏃
족,瘯
존,存
존,尊
존,拵
졸,卒
졸,拙
졸,猝
종,宗
종,種
종,鐘
종,終
종,從
종,縱
종,倧
종,琮
종,淙
종,悰
종,綜
종,瑽
종,鍾
종,慫
종,腫
종,踵
종,椶
종,柊
종,蹤
종,伀
종,慒
종,樅
종,瘇
종,螽
종,椶
종,棕
종,蹤
종,踪
좌,左
좌,坐
좌,佐
좌,座
좌,挫
좌,剉
좌,痤
좌,莝
좌,髽
죄,罪
주,主
주,注
주,住
주,朱
주,宙
주,走
주,酒
주,晝
주,舟
주,周
주,株
주,州
주,洲
주,柱
주,奏
주,珠
주,鑄
주,冑
주,湊
주,炷
주,註
주,疇
주,週
주,遒
주,駐
주,妵
주,澍
주,姝
주,侏
주,做
주,呪
주,嗾
주,廚
주,籌
주,紂
주,紬
주,綢
주,蛛
주,誅
주,躊
주,輳
주,酎
주,燽
주,鉒
주,拄
주,皗
주,邾
주,䎻
주,絑
주,䝬
주,椆
주,㫶
주,珘
주,紸
주,調
주,晭
주,丟
주,侜
주,儔
주,尌
주,幬
주,硃
주,籒
주,鼄
주,胕
주,腠
주,蔟
주,蛀
주,裯
주,詋
주,賙
주,趎
주,輈
주,霌
주,霔
주,遒
주,逎
죽,竹
죽,粥
준,準
준,俊
준,遵
준,峻
준,浚
준,晙
준,焌
준,竣
준,畯
준,駿
준,准
준,濬
준,雋
준,儁
준,埻
준,隼
준,寯
준,樽
준,蠢
준,逡
준,純
준,葰
준,竴
준,僔
준,陖
준,睃
준,餕
준,迿
준,惷
준,𨶊
준,懏
준,鐏
준,𢓭
준,皴
준,墫
준,撙
준,綧
준,罇
준,鱒
준,踆
준,蹲
준,鵔
준,準
준,凖
준,濬
준,䜭
준,陖
준,埈
줄,茁
줄,乼
중,中
중,重
중,衆
중,仲
중,眾
즉,卽
즉,喞
즉,卽
즉,即
즐,櫛
즐,騭
즙,汁
즙,楫
즙,葺
즙,檝
즙,蕺
증,曾
증,增
증,證
증,憎
증,贈
증,症
증,蒸
증,烝
증,甑
증,拯
증,繒
증,嶒
증,矰
증,罾
지,只
지,支
지,枝
지,止
지,之
지,知
지,地
지,指
지,志
지,至
지,紙
지,持
지,池
지,誌
지,智
지,遲
지,旨
지,沚
지,址
지,祉
지,趾
지,祗
지,芝
지,摯
지,鋕
지,脂
지,咫
지,枳
지,漬
지,砥
지,肢
지,芷
지,蜘
지,識
지,贄
지,洔
지,厎
지,汦
지,吱
지,馶
지,劧
지,忯
지,坁
지,搘
지,禔
지,觗
지,坻
지,墀
지,榰
지,泜
지,痣
지,秪
지,篪
지,舐
지,踟
지,躓
지,軹
지,阯
지,鮨
지,鷙
지,扺
지,知
지,𥎵
지,智
지,𥏾
직,直
직,職
직,織
직,稙
직,稷
직,禝
진,辰
진,眞
진,進
진,盡
진,振
진,鎭
진,陣
진,陳
진,珍
진,震
진,晉
진,瑨
진,瑱
진,津
진,璡
진,秦
진,軫
진,塵
진,禛
진,診
진,縝
진,塡
진,賑
진,溱
진,抮
진,唇
진,嗔
진,搢
진,桭
진,榛
진,殄
진,畛
진,疹
진,瞋
진,縉
진,臻
진,蔯
진,袗
진,䑐
진,蓁
진,昣
진,枃
진,槇
진,稹
진,儘
진,靕
진,敒
진,眹
진,侲
진,珒
진,螴
진,趁
진,鬒
진,眞
진,真
진,晉
진,晋
진,瑨
진,𤨁
진,珍
진,鉁
진,盡
진,尽
질,質
질,秩
질,疾
질,姪
질,瓆
질,侄
질,叱
질,嫉
질,帙
질,桎
질,窒
질,膣
질,蛭
질,跌
질,迭
질,垤
질,絰
질,蒺
질,郅
질,鑕
짐,斟
짐,朕
짐,鴆
집,集
집,執
집,什
집,潗
집,輯
집,楫
집,鏶
집,緝
집,咠
집,戢
집,潗
집,𬄕
징,徵
징,懲
징,澄
징,澂
징,瀓
징,癥
징,瞪
차,且
차,次
차,此
차,借
차,差
차,車
차,叉
차,瑳
차,侘
차,嗟
차,嵯
차,磋
차,箚
차,茶
차,蹉
차,遮
차,硨
차,奲
차,姹
차,鹺
차,佽
차,岔
차,徣
차,槎
착,着
착,錯
착,捉
착,搾
착,窄
착,鑿
착,齪
착,戳
착,擉
착,斲
찬,贊
찬,讚
찬,撰
찬,纂
찬,粲
찬,澯
찬,燦
찬,璨
찬,瓚
찬,纘
찬,鑽
찬,竄
찬,餐
찬,饌
찬,攢
찬,巑
찬,儹
찬,篡
찬,欑
찬,㜺
찬,劗
찬,爨
찬,趲
찬,贊
찬,賛
찬,讚
찬,讃
찬,儹
찬,儧
찬,篡
찬,簒
찰,察
찰,札
찰,刹
찰,擦
찰,紮
찰,扎
참,參
참,慘
참,慙
참,僭
참,塹
참,懺
참,斬
참,站
참,讒
참,讖
참,儳
참,嶄
참,巉
참,憯
참,攙
참,槧
참,欃
참,毚
참,譖
참,鏨
참,鑱
참,饞
참,驂
참,黲
참,慙
참,慚
창,昌
창,唱
창,窓
창,倉
창,創
창,蒼
창,暢
창,菖
창,昶
창,彰
창,敞
창,廠
창,倡
창,娼
창,愴
창,槍
창,漲
창,猖
창,瘡
창,脹
창,艙
창,滄
창,淐
창,晿
창,淌
창,倀
창,傖
창,凔
창,刱
창,悵
창,惝
창,戧
창,搶
창,氅
창,瑲
창,窗
창,蹌
창,鋹
창,閶
창,鬯
창,鶬
채,菜
채,採
채,彩
채,債
채,采
채,埰
채,寀
채,蔡
채,綵
채,寨
채,砦
채,釵
채,琗
채,責
채,棌
채,婇
채,睬
채,茝
책,責
책,冊
책,策
책,柵
책,嘖
책,幘
책,磔
책,笧
책,簀
책,蚱
책,冊
책,册
처,妻
처,處
처,凄
처,悽
처,淒
처,萋
처,覷
처,郪
척,尺
척,斥
척,拓
척,戚
척,陟
척,倜
척,刺
척,剔
척,擲
척,滌
척,瘠
척,脊
척,蹠
척,隻
척,墌
척,慼
척,塉
척,惕
척,捗
척,摭
척,蜴
척,跖
척,躑
척,墌
척,坧
척,慼
척,慽
천,天
천,千
천,川
천,泉
천,淺
천,賤
천,踐
천,遷
천,薦
천,仟
천,阡
천,喘
천,擅
천,玔
천,穿
천,舛
천,釧
천,闡
천,韆
천,茜
천,俴
천,倩
천,僢
천,儃
천,洊
천,濺
천,祆
천,臶
천,芊
천,荐
천,蒨
천,蕆
천,辿
천,靝
철,鐵
철,哲
철,徹
철,澈
철,撤
철,轍
철,綴
철,凸
철,輟
철,悊
철,瞮
철,剟
철,啜
철,埑
철,惙
철,掇
철,歠
철,銕
철,錣
철,飻
철,餮
철,哲
철,喆
철,鐵
철,鉄
첨,尖
첨,添
첨,僉
첨,瞻
첨,沾
첨,簽
첨,籤
첨,詹
첨,諂
첨,甜
첨,幨
첨,忝
첨,惉
첨,檐
첨,櫼
첨,瀸
첨,簷
첨,襜
첨,甜
첨,甛
첩,妾
첩,帖
첩,捷
첩,堞
첩,牒
첩,疊
첩,睫
첩,諜
첩,貼
첩,輒
첩,倢
첩,呫
첩,喋
첩,怗
첩,褺
청,靑
청,淸
청,晴
청,請
청,廳
청,聽
청,菁
청,鯖
청,凊
청,圊
청,蜻
청,鶄
청,婧
청,靑
청,青
청,淸
청,清
청,晴
청,晴
청,請
청,請
체,體
체,替
체,遞
체,滯
체,逮
체,締
체,諦
체,切
체,剃
체,涕
체,諟
체,玼
체,棣
체,彘
체,殢
체,砌
체,蒂
체,髰
체,蔕
체,靆
초,初
초,草
초,招
초,肖
초,超
초,抄
초,礎
초,秒
초,樵
초,焦
초,蕉
초,楚
초,剿
초,哨
초,憔
초,梢
초,椒
초,炒
초,硝
초,礁
초,稍
초,苕
초,貂
초,酢
초,醋
초,醮
초,岧
초,釥
초,俏
초,𪓐
초,偢
초,僬
초,勦
초,噍
초,嫶
초,峭
초,嶕
초,怊
초,悄
초,愀
초,杪
초,燋
초,綃
초,耖
초,誚
초,譙
초,趠
초,軺
초,迢
초,鈔
초,鍬
초,鍫
초,鞘
초,顦
초,髫
초,鷦
초,齠
초,草
초,艸
촉,促
촉,燭
촉,觸
촉,囑
촉,矗
촉,蜀
촉,曯
촉,爥
촉,矚
촉,薥
촉,躅
촉,髑
촌,寸
촌,村
촌,忖
촌,吋
촌,村
촌,邨
총,銃
총,總
총,聰
총,寵
총,叢
총,悤
총,憁
총,摠
총,蔥
총,冢
총,葱
총,蓯
총,鏦
총,驄
총,聰
총,聡
총,冢
총,塚
총,總
총,総
촬,撮
최,最
최,催
최,崔
최,嘬
최,摧
최,榱
최,漼
최,璀
최,磪
최,縗
최,脧
추,秋
추,追
추,推
추,抽
추,醜
추,楸
추,樞
추,鄒
추,錐
추,錘
추,墜
추,椎
추,湫
추,皺
추,芻
추,萩
추,諏
추,趨
추,酋
추,鎚
추,雛
추,騶
추,鰌
추,僦
추,啾
추,娵
추,帚
추,惆
추,捶
추,揫
추,搥
추,甃
추,瘳
추,箠
추,簉
추,縋
추,縐
추,蒭
추,陬
추,隹
추,鞦
추,騅
추,魋
추,鵻
추,鶖
추,鶵
추,麤
추,龝
추,鰌
추,鰍
축,丑
축,祝
축,蓄
축,畜
축,築
축,逐
축,縮
축,軸
축,竺
축,筑
축,蹙
축,蹴
축,妯
축,舳
축,豖
축,蹜
축,鼀
춘,春
춘,椿
춘,瑃
춘,賰
출,出
출,朮
출,黜
출,秫
충,充
충,忠
충,蟲
충,衝
충,珫
충,沖
충,衷
충,忡
충,蟲
충,虫
충,沖
충,冲
췌,萃
췌,悴
췌,膵
췌,贅
췌,惴
췌,揣
췌,瘁
췌,顇
취,取
취,吹
취,就
취,臭
취,醉
취,趣
취,翠
취,聚
취,嘴
취,娶
취,炊
취,脆
취,驟
취,鷲
취,冣
취,橇
취,毳
측,側
측,測
측,仄
측,惻
측,廁
측,昃
측,廁
측,厠
층,層
치,治
치,致
치,齒
치,値
치,置
치,恥
치,熾
치,峙
치,雉
치,馳
치,侈
치,嗤
치,幟
치,梔
치,淄
치,痔
치,癡
치,緇
치,緻
치,蚩
치,輜
치,稚
치,卮
치,哆
치,寘
치,畤
치,痓
치,絺
치,菑
치,薙
치,褫
치,豸
치,跱
치,錙
치,阤
치,鯔
치,鴟
치,鴙
치,鵄
치,癡
치,痴
치,稚
치,穉
칙,則
칙,勅
칙,飭
칙,敕
친,親
친,櫬
친,襯
칠,七
칠,漆
칠,柒
침,針
침,侵
침,浸
침,寢
침,沈
침,枕
침,琛
침,砧
침,鍼
침,棽
침,寖
침,忱
침,椹
침,郴
침,鋟
침,駸
칩,蟄
칭,稱
칭,秤
쾌,快
쾌,夬
쾌,噲
타,他
타,打
타,妥
타,墮
타,咤
타,唾
타,惰
타,拖
타,朶
타,舵
타,陀
타,馱
타,駝
타,橢
타,佗
타,坨
타,拕
타,柁
타,沱
타,詑
타,詫
타,跎
타,躱
타,駞
타,鮀
타,鴕
타,鼉
타,橢
타,楕
탁,濁
탁,托
탁,濯
탁,卓
탁,度
탁,倬
탁,琸
탁,晫
탁,託
탁,擢
탁,鐸
탁,拓
탁,啄
탁,坼
탁,柝
탁,琢
탁,踔
탁,橐
탁,拆
탁,沰
탁,涿
탁,矺
탁,籜
탁,蘀
탁,逴
탁,橐
탁,槖
탄,炭
탄,歎
탄,彈
탄,誕
탄,呑
탄,坦
탄,灘
탄,嘆
탄,憚
탄,綻
탄,暺
탄,憻
탄,攤
탄,殫
탄,癱
탄,驒
탈,脫
탈,奪
탈,侻
탐,探
탐,貪
탐,耽
탐,眈
탐,嗿
탐,忐
탐,酖
탑,塔
탑,榻
탑,傝
탑,塌
탑,搨
탕,湯
탕,宕
탕,帑
탕,糖
탕,蕩
탕,燙
탕,盪
탕,碭
탕,蘯
태,太
태,泰
태,怠
태,殆
태,態
태,汰
태,兌
태,台
태,胎
태,邰
태,笞
태,苔
태,跆
태,颱
태,鈦
태,珆
태,鮐
태,脫
태,娧
태,迨
태,埭
태,孡
태,駘
택,宅
택,澤
택,擇
택,垞
탱,撑
탱,撐
탱,牚
터,攄
토,土
토,吐
토,討
토,兔
토,兔
토,兎
톤,噋
통,通
통,統
통,痛
통,桶
통,慟
통,洞
통,筒
통,恫
통,樋
통,筩
퇴,退
퇴,堆
퇴,槌
퇴,腿
퇴,褪
퇴,頹
퇴,隤
투,投
투,透
투,鬪
투,偸
투,套
투,妬
투,妒
투,渝
투,骰
퉁,佟
특,特
특,慝
특,忒
틈,闖
파,破
파,波
파,派
파,播
파,罷
파,頗
파,把
파,巴
파,芭
파,琶
파,坡
파,杷
파,婆
파,擺
파,爬
파,跛
파,叵
파,妑
파,岥
파,怕
파,灞
파,爸
파,玻
파,皤
파,笆
파,簸
파,耙
파,菠
파,葩
파,鄱
판,判
판,板
판,販
판,版
판,阪
판,坂
판,瓣
판,辦
판,鈑
팔,八
팔,叭
팔,捌
팔,朳
팔,汃
패,貝
패,敗
패,浿
패,佩
패,牌
패,唄
패,悖
패,沛
패,狽
패,稗
패,霸
패,孛
패,旆
패,珮
패,霈
패,霸
패,覇
팽,彭
팽,澎
팽,烹
팽,膨
팽,砰
팽,祊
팽,蟚
팽,蟛
퍅,愎
편,片
편,便
편,篇
편,編
편,遍
편,偏
편,扁
편,翩
편,鞭
편,騙
편,匾
편,徧
편,惼
편,緶
편,艑
편,萹
편,蝙
편,褊
편,諞
폄,貶
폄,砭
폄,窆
평,平
평,評
평,坪
평,枰
평,泙
평,萍
평,怦
평,抨
평,苹
평,蓱
평,鮃
폐,閉
폐,肺
폐,廢
폐,弊
폐,蔽
폐,幣
폐,陛
폐,吠
폐,嬖
폐,斃
폐,敝
폐,狴
폐,獘
폐,癈
포,布
포,抱
포,包
포,胞
포,飽
포,浦
포,捕
포,葡
포,褒
포,砲
포,鋪
포,佈
포,匍
포,匏
포,咆
포,哺
포,圃
포,怖
포,暴
포,泡
포,疱
포,脯
포,苞
포,蒲
포,袍
포,逋
포,鮑
포,拋
포,儤
포,庖
포,晡
포,曓
포,炮
포,炰
포,誧
포,鉋
포,鞄
포,餔
포,鯆
포,拋
포,抛
폭,暴
폭,爆
폭,幅
폭,曝
폭,瀑
폭,輻
표,表
표,票
표,標
표,漂
표,杓
표,豹
표,彪
표,驃
표,俵
표,剽
표,慓
표,瓢
표,飄
표,飆
표,䏇
표,僄
표,勡
표,嘌
표,嫖
표,摽
표,殍
표,熛
표,縹
표,裱
표,鏢
표,鑣
표,髟
표,鰾
표,飆
표,飇
품,品
품,稟
풍,風
풍,豐
풍,諷
풍,馮
풍,楓
풍,瘋
풍,豐
풍,豊
피,皮
피,彼
피,疲
피,被
피,避
피,披
피,陂
피,詖
피,鞁
피,髲
픽,腷
필,必
필,匹
필,筆
필,畢
필,弼
필,泌
필,珌
필,苾
필,馝
필,鉍
필,佖
필,疋
필,㳼
필,㪤
필,咇
필,滭
필,篳
필,罼
필,蓽
필,觱
필,蹕
필,鞸
필,韠
필,鵯
필,駜
핍,乏
핍,逼
핍,偪
하,下
하,夏
하,賀
하,何
하,河
하,荷
하,廈
하,霞
하,瑕
하,蝦
하,遐
하,鰕
하,呀
하,嘏
하,碬
하,閜
하,嚇
하,赮
하,𧬂
하,煆
하,蕸
하,㰤
하,抲
하,㗿
하,岈
하,懗
하,瘕
하,罅
하,鍜
하,廈
하,厦
하,夏
하,昰
학,學
학,鶴
학,壑
학,虐
학,謔
학,嗃
학,狢
학,瘧
학,皬
학,确
학,郝
학,鷽
학,學
학,学
한,閑
한,寒
한,恨
한,限
한,韓
한,漢
한,旱
한,汗
한,澣
한,瀚
한,翰
한,閒
한,悍
한,罕
한,澖
한,𡽜
한,僩
한,嫺
한,橌
한,䦥
한,扞
한,忓
한,邗
한,嫻
한,捍
한,暵
한,閈
한,駻
한,鷳
한,鼾
할,割
할,轄
할,瞎
함,咸
함,含
함,陷
함,函
함,涵
함,艦
함,喊
함,檻
함,緘
함,銜
함,鹹
함,菡
함,莟
함,諴
함,轞
함,闞
함,銜
함,啣
합,合
합,哈
합,盒
합,蛤
합,閤
합,闔
합,陜
합,匌
합,嗑
합,柙
합,榼
합,溘
합,盍
합,郃
항,恒
항,巷
항,港
항,項
항,抗
항,航
항,亢
항,沆
항,姮
항,伉
항,杭
항,桁
항,缸
항,肛
항,行
항,降
항,夯
항,炕
항,缿
항,頏
항,恒
항,恆
항,姮
항,嫦
해,害
해,海
해,亥
해,解
해,奚
해,該
해,偕
해,楷
해,諧
해,咳
해,垓
해,孩
해,懈
해,瀣
해,蟹
해,邂
해,駭
해,骸
해,咍
해,瑎
해,澥
해,祄
해,晐
해,嶰
해,廨
해,欬
해,獬
해,痎
해,薤
해,醢
해,頦
해,鮭
해,海
해,海
핵,核
핵,劾
핵,翮
핵,覈
행,行
행,幸
행,杏
행,倖
행,荇
행,涬
행,悻
향,向
향,香
향,鄕
향,響
향,享
향,珦
향,嚮
향,餉
향,饗
향,麘
향,晑
향,薌
허,虛
허,許
허,墟
허,噓
허,歔
헌,軒
헌,憲
헌,獻
헌,櫶
헌,䡣
헌,㦥
헌,昍
헌,巚
헌,幰
헌,攇
헐,歇
험,險
험,驗
험,嶮
험,獫
험,玁
혁,革
혁,赫
혁,爀
혁,奕
혁,焱
혁,侐
혁,焃
혁,𧹽
혁,嚇
혁,弈
혁,洫
혁,鬩
현,現
현,賢
현,玄
현,絃
현,縣
현,懸
현,顯
현,見
현,峴
현,晛
현,泫
현,炫
현,玹
현,鉉
현,眩
현,昡
현,絢
현,呟
현,俔
현,睍
현,舷
현,衒
현,弦
현,儇
현,譞
현,怰
현,䧋
현,鋗
현,㢺
현,琄
현,嬛
현,娊
현,妶
현,灦
현,㭹
현,駽
현,痃
현,繯
현,翾
현,蜆
현,誢
현,顯
현,顕
혈,血
혈,穴
혈,孑
혈,頁
혈,絜
혈,趐
혐,嫌
협,協
협,脅
협,俠
협,挾
협,峽
협,浹
협,夾
협,狹
협,莢
협,鋏
협,頰
협,冾
협,匧
협,叶
협,埉
협,恊
협,悏
협,愜
협,篋
협,脅
협,脇
형,兄
형,刑
형,形
형,亨
형,螢
형,衡
형,型
형,邢
형,珩
형,泂
형,炯
형,瑩
형,瀅
형,馨
형,熒
형,滎
형,灐
형,荊
형,鎣
형,迥
형,侀
형,夐
형,娙
형,詗
형,陘
형,迥
형,逈
혜,惠
혜,慧
혜,兮
혜,蕙
혜,彗
혜,譿
혜,寭
혜,憓
혜,暳
혜,蹊
혜,醯
혜,鞋
혜,譓
혜,鏸
혜,匸
혜,䚷
혜,傒
혜,嘒
혜,徯
혜,槥
혜,盻
혜,謑
혜,惠
혜,恵
호,戶
호,乎
호,呼
호,好
호,虎
호,號
호,湖
호,互
호,胡
호,浩
호,毫
호,豪
호,護
호,晧
호,皓
호,昊
호,淏
호,濠
호,灝
호,祜
호,琥
호,瑚
호,頀
호,顥
호,扈
호,鎬
호,壕
호,壺
호,濩
호,滸
호,岵
호,弧
호,狐
호,瓠
호,糊
호,縞
호,葫
호,蒿
호,蝴
호,皞
호,婋
호,芐
호,犒
호,鄗
호,熩
호,嫭
호,怙
호,瓳
호,蔰
호,儫
호,冱
호,嘷
호,鬍
호,嫮
호,沍
호,滈
호,滬
호,猢
호,皜
호,餬
호,聕
호,醐
호,芐
호,芦
호,浩
호,澔
호,號
호,号
혹,或
혹,惑
혹,酷
혹,熇
혼,婚
혼,混
혼,昏
혼,魂
혼,渾
혼,琿
혼,俒
혼,䫟
혼,圂
혼,湣
혼,溷
혼,焜
혼,閽
홀,忽
홀,惚
홀,笏
홀,囫
홍,紅
홍,洪
홍,弘
홍,鴻
홍,泓
홍,烘
홍,虹
홍,鉷
홍,哄
홍,汞
홍,訌
홍,晎
홍,澒
홍,篊
홍,鬨
화,火
화,化
화,花
화,貨
화,和
화,話
화,畫
화,華
화,禾
화,禍
화,嬅
화,樺
화,譁
화,靴
화,澕
화,俰
화,嘩
화,驊
화,龢
화,畫
화,畵
확,確
확,穫
확,擴
확,廓
확,攫
확,矍
확,矡
확,礭
확,鑊
확,確
확,碻
환,歡
환,患
환,丸
환,換
환,環
환,還
환,喚
환,奐
환,渙
환,煥
환,晥
환,幻
환,桓
환,鐶
환,驩
환,宦
환,紈
환,鰥
환,圜
환,皖
환,洹
환,寰
환,懽
환,擐
환,瓛
환,睆
환,絙
환,豢
환,轘
환,鍰
환,鬟
활,活
활,闊
활,滑
활,猾
활,豁
활,蛞
활,闊
활,濶
황,黃
황,皇
황,況
황,荒
황,凰
황,堭
황,媓
황,晃
황,滉
황,榥
황,煌
황,璜
황,熀
황,幌
황,徨
황,恍
황,惶
황,愰
황,慌
황,湟
황,潢
황,篁
황,簧
황,蝗
황,遑
황,隍
황,楻
황,喤
황,怳
황,瑝
황,肓
황,貺
황,鎤
황,晃
황,晄
회,回
회,會
회,悔
회,懷
회,廻
회,恢
회,晦
회,檜
회,澮
회,繪
회,誨
회,匯
회,徊
회,淮
회,獪
회,膾
회,茴
회,蛔
회,賄
회,灰
회,佪
회,洄
회,盔
회,詼
회,迴
회,頮
회,鱠
회,繪
회,絵
회,會
회,会
획,獲
획,劃
획,画
획,嚄
횡,橫
횡,鐄
횡,宖
횡,澋
횡,鈜
횡,黌
효,孝
효,效
효,曉
효,涍
효,爻
효,驍
효,斅
효,哮
효,嚆
효,梟
효,淆
효,肴
효,酵
효,皛
효,歊
효,窙
효,謼
효,傚
효,洨
효,庨
효,虓
효,熇
효,烋
효,婋
효,囂
효,崤
효,殽
효,餚
효,效
효,効
후,後
후,厚
후,侯
후,候
후,后
후,逅
후,吼
후,嗅
후,帿
후,朽
후,煦
후,珝
후,喉
후,堠
후,㰭
후,姁
후,芋
후,吽
후,喣
후,垕
후,猴
후,篌
후,詡
후,譃
후,酗
후,餱
후,厚
후,垕
훈,訓
훈,勳
훈,焄
훈,熏
훈,薰
훈,壎
훈,燻
훈,鑂
훈,暈
훈,纁
훈,煇
훈,薫
훈,曛
훈,獯
훈,葷
훈,勳
훈,勛
훈,勲
훈,薰
훈,𬟓
훈,壎
훈,塤
훈,熏
훈,𤋱
훌,欻
훙,薨
훤,喧
훤,暄
훤,萱
훤,煊
훤,愃
훤,昍
훤,烜
훤,諠
훤,諼
훼,毁
훼,喙
훼,毀
훼,𠦄
훼,燬
훼,芔
훼,虺
훼,𠦄
훼,卉
휘,揮
휘,輝
휘,彙
휘,徽
휘,暉
휘,煇
휘,諱
휘,麾
휘,煒
휘,撝
휘,翬
휴,休
휴,携
휴,烋
휴,畦
휴,虧
휴,庥
휴,咻
휴,隳
휴,髹
휴,鵂
휼,恤
휼,譎
휼,鷸
휼,卹
흉,凶
흉,胸
흉,兇
흉,匈
흉,洶
흉,恟
흉,胷
흑,黑
흔,欣
흔,炘
흔,昕
흔,痕
흔,忻
흔,很
흔,掀
흔,惞
흔,釁
흘,屹
흘,吃
흘,紇
흘,訖
흘,仡
흘,汔
흘,疙
흘,迄
흘,齕
흠,欽
흠,欠
흠,歆
흠,鑫
흠,廞
흡,吸
흡,洽
흡,恰
흡,翕
흡,噏
흡,歙
흡,潝
흡,翖
흥,興
희,希
희,喜
희,稀
희,戲
희,姬
희,晞
희,僖
희,橲
희,禧
희,嬉
희,憙
희,熹
희,凞
희,羲
희,爔
희,曦
희,俙
희,𡅕
희,憘
희,犧
희,噫
희,煕
희,烯
희,暿
희,譆
희,㜯
희,咥
희,唏
희,嘻
희,悕
희,欷
희,燹
희,豨
희,餼
희,煕
희,熙
희,熈
희,熹
희,熺
희,戲
희,戱
희,姬
희,姫
힐,詰
힐,犵
힐,纈
힐,襭
힐,頡
힐,黠
